"pagina","repeticion","estado","nivel","trigger","no_aplicable","evidencia_insuficiente","id_lista","padre_lista","J_inicio","J_final","Q","lectura_screenshot","prompt_sha256","respuesta_sha256"
"C02","1","valido","0","lista_plana","false","true",,"427","false","false","false","Q","5469892e4ff0ab2af0db65df783fb5210f0c184c84553e72e1f1b9245b01862b","ae8c43f803a30f423c770d9dcd7a3f4368f15cf6d0d9c1183efe544135adb443"
"C02","2","valido","0","lista_plana","false","true",,"427","false","false","false","Q","5469892e4ff0ab2af0db65df783fb5210f0c184c84553e72e1f1b9245b01862b","89cb41f710af33fc663ab317be3d42bb5690aa41d59914497dab51c48e8d1401"
"C02","3","valido","0","lista_plana","false","true",,"427","false","false","false","Q","5469892e4ff0ab2af0db65df783fb5210f0c184c84553e72e1f1b9245b01862b","fbbba0e902fcfb897da9c48113ec2d6314c189d457e2760c3a1219f6c14cd498"
"C02","4","valido","0","lista_plana","false","true",,"427","false","false","false","Q","5469892e4ff0ab2af0db65df783fb5210f0c184c84553e72e1f1b9245b01862b","7bd203f8ae55ee889b5aa7192b0c00dd2699e254e199cda998b5962530226f9f"
"C02","5","valido","0","lista_plana","false","true",,"427","false","false","false","Q","5469892e4ff0ab2af0db65df783fb5210f0c184c84553e72e1f1b9245b01862b","a728265ed13949fe29f21cb02cfc8d583a9b8d820850526ed07f4c495a56e766"
"C03","1","valido","2","J_inicio","false","false",,"122","false","true","false","Q","91fdb825393953fee2ee5d88a80752d0b66e3c49c4d0523b2f24ce019d284863","06cb6cb34f695387fbc5f98e6460dad1bd18e55de4c708bfb3927666c5bcf458"
"C03","2","valido","2","J_inicio","false","false",,"122","false","true","false","Q","91fdb825393953fee2ee5d88a80752d0b66e3c49c4d0523b2f24ce019d284863","f4a497758c4d6bb29155fc85a9ba73e1545567a848d173b0dce53ea487b26352"
"C03","3","valido","2","J_inicio","false","false",,"122","false","true","false","Q","91fdb825393953fee2ee5d88a80752d0b66e3c49c4d0523b2f24ce019d284863","3ca14864a61e675321f60ff453a47fd679e5218d2eb93173378580619b441fc8"
"C03","4","valido","2","J_inicio","false","false",,"122","false","true","false","Q","91fdb825393953fee2ee5d88a80752d0b66e3c49c4d0523b2f24ce019d284863","0c8acaf328ec2eaf689c8c15b1aa04d383a308c67350263fcd4da6f71bb741a1"
"C03","5","valido","2","J_inicio","false","false",,"122","false","true","false","Q","91fdb825393953fee2ee5d88a80752d0b66e3c49c4d0523b2f24ce019d284863","0d006b1aa0a39808014355f29c8a35d65d8562e72e1b12e8e125f313c8c80319"
"C04","1","valido","0","lista_plana","false","false",,"622","false","false","false","Q","a77f14664d169992d4c4ba0d5acd0aa0c69c78714f04a20755a7c4f9294a3791","03c93cb07273c6a4c417ef332badb86e502c756b42807dc498753779cc1265cb"
"C04","2","valido","0","lista_plana","false","false",,"622","false","false","false","Q","a77f14664d169992d4c4ba0d5acd0aa0c69c78714f04a20755a7c4f9294a3791","6c0a1ff5f2e6b688229e763ec466049ced04d95e8b134c6a8f2a940a123d322c"
"C04","3","valido","0","lista_plana","false","false",,"622","false","false","false","Q","a77f14664d169992d4c4ba0d5acd0aa0c69c78714f04a20755a7c4f9294a3791","12572ac6351e40e1a61b7f21d9aaf381fa2c18075a80ad8d3efed3e0a61cdf9e"
"C04","4","valido","0","lista_plana","false","false",,"520","false","false","false","Q","a77f14664d169992d4c4ba0d5acd0aa0c69c78714f04a20755a7c4f9294a3791","bfb4f218684f41d2b03d9d9efc30b4d15f2df49a08b60d32b5ab5be0f77ccd46"
"C04","5","valido","0","lista_plana","false","false",,"622","false","false","false","Q","a77f14664d169992d4c4ba0d5acd0aa0c69c78714f04a20755a7c4f9294a3791","994685ffa52cb4084c7427b43a97e3d1a69d7ad405c7cbc7340d9cefbdd1dc49"
"C06","1","valido","0","lista_plana","false","true",,"632","false","false","false","Q","438eb97f419f26897ad1053f0f8c8c0da1dd040f1fad46cae547e5e291d08a04","4f1603c499192eb2f26a38c94cbb2eee5809f60096d0b7aa8aa451f8785e6db1"
"C06","2","valido","0","lista_plana","false","true",,"632","false","false","false","Q","438eb97f419f26897ad1053f0f8c8c0da1dd040f1fad46cae547e5e291d08a04","1edcb84b56fa1619b47f380d8df891cfdf1656e5a5fb3b1faafadb0e602e6c20"
"C06","3","valido","0","lista_plana","false","true",,"632","false","false","false","Q","438eb97f419f26897ad1053f0f8c8c0da1dd040f1fad46cae547e5e291d08a04","f1dce51fa56a8a340a45443e9ceaad0deadcbea9ea639153ca09f5473bd4ec18"
"C06","4","valido","0","lista_plana","false","true",,"632","false","false","false","Q","438eb97f419f26897ad1053f0f8c8c0da1dd040f1fad46cae547e5e291d08a04","cbb96a4aa2f32d437e147ded465056a5ec156cc1f5f4b7323ac6b609c5fa0975"
"C06","5","valido","0","lista_plana","false","true",,"632","false","false","false","Q","438eb97f419f26897ad1053f0f8c8c0da1dd040f1fad46cae547e5e291d08a04","af1c0177c624b7cddc10e0eb368c342472f5185be7a7c9ee6140e2088aa4cc45"
"C07","1","valido","1","lista_plana","false","true",,"602","false","false","false","Q","e9b6fa570323d09b1ef7a3ba8395ce0c66b2a33e5d96ae7ed4e9cd716d55de1b","d7d41c62428d2301d03cfcb225daec9e088bae378526d1eeb89a6b07446dc459"
"C07","2","valido","1","lista_plana","false","true",,"602","false","false","false","Q","e9b6fa570323d09b1ef7a3ba8395ce0c66b2a33e5d96ae7ed4e9cd716d55de1b","dc9498fd966d1abd7666575eab9c30a205d0914d165f06feab737290d4a86ed4"
"C07","3","valido","1","lista_plana","false","true",,"602","false","false","false","Q","e9b6fa570323d09b1ef7a3ba8395ce0c66b2a33e5d96ae7ed4e9cd716d55de1b","1c1e0b85ab6c03a64eb928f68a1e9b2b04ac6ba662002d16017acd906d6f305b"
"C07","4","valido","1","lista_plana","false","true",,"602","false","false","false","Q","e9b6fa570323d09b1ef7a3ba8395ce0c66b2a33e5d96ae7ed4e9cd716d55de1b","6f44f4f83f87caef16e0699a9555def5e504c320df6f569bb40ae08a65e42b5b"
"C07","5","valido","1","lista_plana","false","true",,"602","false","false","false","Q","e9b6fa570323d09b1ef7a3ba8395ce0c66b2a33e5d96ae7ed4e9cd716d55de1b","f613d0312afe3420b90e06ec166aaab91dadd4cab68540c68a992e1ec09b87b8"
"C09","1","valido","0","lista_plana","false","true",,"815","false","false","false","Q","b7f409239b705708655051035ddfd707427300e027f3da9b3b95fde7a1b96475","1566b8dde1e4835d6fac97ad074e33e22023b2cd5e564c2bb75e9efd803ef7c4"
"C09","2","valido","0","lista_plana","false","true",,"815","false","false","false","Q","b7f409239b705708655051035ddfd707427300e027f3da9b3b95fde7a1b96475","98e25723287bb521d4fa0be8f1efca392ba976fc60dcfe2efe0cdf3129c5aa6a"
"C09","3","valido","0","lista_plana","false","true",,"815","false","false","false","Q","b7f409239b705708655051035ddfd707427300e027f3da9b3b95fde7a1b96475","f44676e1f46ef06355f2889446a5eb0913b362d50a04b9336589cc89cb2b3a0c"
"C09","4","valido","0","lista_plana","false","true",,"815","false","false","false","Q","b7f409239b705708655051035ddfd707427300e027f3da9b3b95fde7a1b96475","c4da444c02294eadb850a1272be3e3942600383b7aaa9b4f1a257accb114d92e"
"C09","5","valido","0","lista_plana","false","true",,"815","false","false","false","Q","b7f409239b705708655051035ddfd707427300e027f3da9b3b95fde7a1b96475","3d25e3c6bff0cb8c0f7c8f8a09c96633582d657a26ee2acfab65702ffd1d6942"
"C10","1","valido","2","J_inicio","false","true",,"280","true",null,"false","Q","f1766cf370874dd1107223b6c663acf06f626ba27d2b75b38f5622aa13bf5af3","85ccb64d9653a8af6b759205b44d0f3ace9a5a1681f545603c47bb82789cb3ac"
"C10","2","valido","3","J_inicio","false","true",,"280","true",null,"false","Q","f1766cf370874dd1107223b6c663acf06f626ba27d2b75b38f5622aa13bf5af3","bd029ec603afcaadd993064f35541d04384a9eb9c6faf63ad8a2689b33684b3b"
"C10","3","valido","3","J_inicio","false","true",,"280","true",null,"false","Q","f1766cf370874dd1107223b6c663acf06f626ba27d2b75b38f5622aa13bf5af3","e29f516207fc45910e244eb1cfc4d3afcf43d73897f452f27c8cac569d2cecd4"
"C10","4","valido","3","J_inicio","false","true",,"280","true",null,"false","Q","f1766cf370874dd1107223b6c663acf06f626ba27d2b75b38f5622aa13bf5af3","a4e0774f9f70803103d876323a39d3f5ab3f5f9be56ab8da2cbf00471016e3b9"
"C10","5","valido","3","J_inicio","false","true",,"280","true",null,"false","Q","f1766cf370874dd1107223b6c663acf06f626ba27d2b75b38f5622aa13bf5af3","a0166f5084df4c6a7c9b0c06fe8074e6996787db27e2c9e621872d53c5769cf1"
"C11","1","valido","2","J_inicio","false","false",,"241","false","true","false","Q","39b140a3c576366b58bb561756ed048081fa89ee55479e75d7b7f2d3849f0ab1","83dd21d664fddd02ed97a2a4660aaa565d970aad8660c09cae059e34b4d264c8"
"C11","2","valido","2","J_inicio","false","false",,"241","false","true","false","Q","39b140a3c576366b58bb561756ed048081fa89ee55479e75d7b7f2d3849f0ab1","53b42b6004d9ccdbdc6922a05e280cbfdad42ab86f9c7f817196a821fb01cdf1"
"C11","3","valido","2","J_inicio","false","false",,"241","false","true","false","Q","39b140a3c576366b58bb561756ed048081fa89ee55479e75d7b7f2d3849f0ab1","2996518594c9ab5dd806d07dcb3ac255addebd5588989429803fdf97faecafe0"
"C11","4","valido","2","J_inicio","false","false",,"241","false","true","false","Q","39b140a3c576366b58bb561756ed048081fa89ee55479e75d7b7f2d3849f0ab1","bb8afabd35a7c7df1e66ec53cf4a93329be263e103dfd2c8b842e0b24236151c"
"C11","5","valido","2","J_inicio","false","false",,"241","false","true","false","Q","39b140a3c576366b58bb561756ed048081fa89ee55479e75d7b7f2d3849f0ab1","ead9488afd6666a70d7e13ecfc7ae93c35ee36311de8618accea0462bbd93d1e"
"C12","1","invalido","3","J_inicio","false","false",,null,"true","false","false","Q","79f4717410d187947635e6e5bef2c5e78d19eaaecaa908740f8e69108fd249f6","442ad6a2a10e6eb83093c54c750af71916ad99da44434b37d2a74b1731093e90"
"C12","2","invalido","3","J_inicio","false","false",,null,"true","false","false","Q","79f4717410d187947635e6e5bef2c5e78d19eaaecaa908740f8e69108fd249f6","cb90b25967e17923f6eab95b60a5bc4b362a071e2075f0e882cbbabbb09e02e3"
"C12","3","invalido","3","J_inicio","false","false",,null,"true","false","false","Q","79f4717410d187947635e6e5bef2c5e78d19eaaecaa908740f8e69108fd249f6","e7b9f71aa748aad5721690542ae3f18d50337f7b0d6798678d5bdd6525b4b4f7"
"C12","4","error_tecnico",,,,,,,,,,,"79f4717410d187947635e6e5bef2c5e78d19eaaecaa908740f8e69108fd249f6",
"C12","5","invalido","3","J_inicio","false","false",,null,"true","false","false","Q","79f4717410d187947635e6e5bef2c5e78d19eaaecaa908740f8e69108fd249f6","8f17572b47d29270c7fa2c10773e90b0a2c05c9c37dc38e5106bd04c2bb55588"
"C13","1","valido","3","J_inicio","false","false",,"500","true","false","false","Q","9128d1ac9b15ef626bd27a756a43c4251e5587254c2074e40e47c7be9fde399d","fb5c05e3ddfc4d81905af192d02ff6c3011334d6c8c875df8d3eb99a993ecac7"
"C13","2","error_tecnico",,,,,,,,,,,"9128d1ac9b15ef626bd27a756a43c4251e5587254c2074e40e47c7be9fde399d",
"C13","3","pendiente",,,,,,,,,,,"9128d1ac9b15ef626bd27a756a43c4251e5587254c2074e40e47c7be9fde399d",
"C13","4","pendiente",,,,,,,,,,,"9128d1ac9b15ef626bd27a756a43c4251e5587254c2074e40e47c7be9fde399d",
"C13","5","pendiente",,,,,,,,,,,"9128d1ac9b15ef626bd27a756a43c4251e5587254c2074e40e47c7be9fde399d",
"C14","1","pendiente",,,,,,,,,,,"06e957a1148e9802ce257790aa1f88521b70ff3c0cb0058d56a16b0975423a9a",
"C14","2","pendiente",,,,,,,,,,,"06e957a1148e9802ce257790aa1f88521b70ff3c0cb0058d56a16b0975423a9a",
"C14","3","pendiente",,,,,,,,,,,"06e957a1148e9802ce257790aa1f88521b70ff3c0cb0058d56a16b0975423a9a",
"C14","4","pendiente",,,,,,,,,,,"06e957a1148e9802ce257790aa1f88521b70ff3c0cb0058d56a16b0975423a9a",
"C14","5","pendiente",,,,,,,,,,,"06e957a1148e9802ce257790aa1f88521b70ff3c0cb0058d56a16b0975423a9a",
"C15","1","pendiente",,,,,,,,,,,"8405f3d4bdc6fdd1e41b6ca4db08a8a555d131b1b1cb12ba63064c9ab8e262eb",
"C15","2","pendiente",,,,,,,,,,,"8405f3d4bdc6fdd1e41b6ca4db08a8a555d131b1b1cb12ba63064c9ab8e262eb",
"C15","3","pendiente",,,,,,,,,,,"8405f3d4bdc6fdd1e41b6ca4db08a8a555d131b1b1cb12ba63064c9ab8e262eb",
"C15","4","pendiente",,,,,,,,,,,"8405f3d4bdc6fdd1e41b6ca4db08a8a555d131b1b1cb12ba63064c9ab8e262eb",
"C15","5","pendiente",,,,,,,,,,,"8405f3d4bdc6fdd1e41b6ca4db08a8a555d131b1b1cb12ba63064c9ab8e262eb",
"C16","1","pendiente",,,,,,,,,,,"8884b5de41518ee8b84bedb53795799c533869b84e8084b9b9725314c1a54282",
"C16","2","pendiente",,,,,,,,,,,"8884b5de41518ee8b84bedb53795799c533869b84e8084b9b9725314c1a54282",
"C16","3","pendiente",,,,,,,,,,,"8884b5de41518ee8b84bedb53795799c533869b84e8084b9b9725314c1a54282",
"C16","4","pendiente",,,,,,,,,,,"8884b5de41518ee8b84bedb53795799c533869b84e8084b9b9725314c1a54282",
"C16","5","pendiente",,,,,,,,,,,"8884b5de41518ee8b84bedb53795799c533869b84e8084b9b9725314c1a54282",
"C17","1","pendiente",,,,,,,,,,,"461a7f2fd9f788a084760fb8407332d25e6e28208f4e8bc31621dbf69fdef97c",
"C17","2","pendiente",,,,,,,,,,,"461a7f2fd9f788a084760fb8407332d25e6e28208f4e8bc31621dbf69fdef97c",
"C17","3","pendiente",,,,,,,,,,,"461a7f2fd9f788a084760fb8407332d25e6e28208f4e8bc31621dbf69fdef97c",
"C17","4","pendiente",,,,,,,,,,,"461a7f2fd9f788a084760fb8407332d25e6e28208f4e8bc31621dbf69fdef97c",
"C17","5","pendiente",,,,,,,,,,,"461a7f2fd9f788a084760fb8407332d25e6e28208f4e8bc31621dbf69fdef97c",
"C18","1","pendiente",,,,,,,,,,,"6c96423700f719cf1af314eda38bdc75c775942b1baf4d219ec7ddaf599a4986",
"C18","2","pendiente",,,,,,,,,,,"6c96423700f719cf1af314eda38bdc75c775942b1baf4d219ec7ddaf599a4986",
"C18","3","pendiente",,,,,,,,,,,"6c96423700f719cf1af314eda38bdc75c775942b1baf4d219ec7ddaf599a4986",
"C18","4","pendiente",,,,,,,,,,,"6c96423700f719cf1af314eda38bdc75c775942b1baf4d219ec7ddaf599a4986",
"C18","5","pendiente",,,,,,,,,,,"6c96423700f719cf1af314eda38bdc75c775942b1baf4d219ec7ddaf599a4986",
"C20","1","pendiente",,,,,,,,,,,"0c802687ff6817d36adacaaeb50467ad31c49a7697b187afeabd5b46fcc2f84e",
"C20","2","pendiente",,,,,,,,,,,"0c802687ff6817d36adacaaeb50467ad31c49a7697b187afeabd5b46fcc2f84e",
"C20","3","pendiente",,,,,,,,,,,"0c802687ff6817d36adacaaeb50467ad31c49a7697b187afeabd5b46fcc2f84e",
"C20","4","pendiente",,,,,,,,,,,"0c802687ff6817d36adacaaeb50467ad31c49a7697b187afeabd5b46fcc2f84e",
"C20","5","pendiente",,,,,,,,,,,"0c802687ff6817d36adacaaeb50467ad31c49a7697b187afeabd5b46fcc2f84e",
"C21","1","pendiente",,,,,,,,,,,"53dcdf2dbf7cc582359feb9270597f129e879f1c8474af8ff0585941c82be67e",
"C21","2","pendiente",,,,,,,,,,,"53dcdf2dbf7cc582359feb9270597f129e879f1c8474af8ff0585941c82be67e",
"C21","3","pendiente",,,,,,,,,,,"53dcdf2dbf7cc582359feb9270597f129e879f1c8474af8ff0585941c82be67e",
"C21","4","pendiente",,,,,,,,,,,"53dcdf2dbf7cc582359feb9270597f129e879f1c8474af8ff0585941c82be67e",
"C21","5","pendiente",,,,,,,,,,,"53dcdf2dbf7cc582359feb9270597f129e879f1c8474af8ff0585941c82be67e",
"C22","1","pendiente",,,,,,,,,,,"a4bcebd37565b4fd7b149a68b2964f65d887d21dccf2c744904b1b3fc943e4c1",
"C22","2","pendiente",,,,,,,,,,,"a4bcebd37565b4fd7b149a68b2964f65d887d21dccf2c744904b1b3fc943e4c1",
"C22","3","pendiente",,,,,,,,,,,"a4bcebd37565b4fd7b149a68b2964f65d887d21dccf2c744904b1b3fc943e4c1",
"C22","4","pendiente",,,,,,,,,,,"a4bcebd37565b4fd7b149a68b2964f65d887d21dccf2c744904b1b3fc943e4c1",
"C22","5","pendiente",,,,,,,,,,,"a4bcebd37565b4fd7b149a68b2964f65d887d21dccf2c744904b1b3fc943e4c1",
"C23","1","pendiente",,,,,,,,,,,"0c46da4e82fbc47e4f4bd44d9c6a26151f21fe409a8e4492f384e49dad0b08f5",
"C23","2","pendiente",,,,,,,,,,,"0c46da4e82fbc47e4f4bd44d9c6a26151f21fe409a8e4492f384e49dad0b08f5",
"C23","3","pendiente",,,,,,,,,,,"0c46da4e82fbc47e4f4bd44d9c6a26151f21fe409a8e4492f384e49dad0b08f5",
"C23","4","pendiente",,,,,,,,,,,"0c46da4e82fbc47e4f4bd44d9c6a26151f21fe409a8e4492f384e49dad0b08f5",
"C23","5","pendiente",,,,,,,,,,,"0c46da4e82fbc47e4f4bd44d9c6a26151f21fe409a8e4492f384e49dad0b08f5",
"C24","1","pendiente",,,,,,,,,,,"5e7579bc752319f831ba97c6ed610538035c260789e63ed9bf97dd0d56b907bf",
"C24","2","pendiente",,,,,,,,,,,"5e7579bc752319f831ba97c6ed610538035c260789e63ed9bf97dd0d56b907bf",
"C24","3","pendiente",,,,,,,,,,,"5e7579bc752319f831ba97c6ed610538035c260789e63ed9bf97dd0d56b907bf",
"C24","4","pendiente",,,,,,,,,,,"5e7579bc752319f831ba97c6ed610538035c260789e63ed9bf97dd0d56b907bf",
"C24","5","pendiente",,,,,,,,,,,"5e7579bc752319f831ba97c6ed610538035c260789e63ed9bf97dd0d56b907bf",
"C25","1","pendiente",,,,,,,,,,,"2aff192255a129193d11804dfd02564191d90ebcec6de32da0c4221ace708ce5",
"C25","2","pendiente",,,,,,,,,,,"2aff192255a129193d11804dfd02564191d90ebcec6de32da0c4221ace708ce5",
"C25","3","pendiente",,,,,,,,,,,"2aff192255a129193d11804dfd02564191d90ebcec6de32da0c4221ace708ce5",
"C25","4","pendiente",,,,,,,,,,,"2aff192255a129193d11804dfd02564191d90ebcec6de32da0c4221ace708ce5",
"C25","5","pendiente",,,,,,,,,,,"2aff192255a129193d11804dfd02564191d90ebcec6de32da0c4221ace708ce5",
"R02","1","pendiente",,,,,,,,,,,"85fb24791dcef197e8002e873e5569785f47d11ea99281de163f98b825c4507e",
"R02","2","pendiente",,,,,,,,,,,"85fb24791dcef197e8002e873e5569785f47d11ea99281de163f98b825c4507e",
"R02","3","pendiente",,,,,,,,,,,"85fb24791dcef197e8002e873e5569785f47d11ea99281de163f98b825c4507e",
"R02","4","pendiente",,,,,,,,,,,"85fb24791dcef197e8002e873e5569785f47d11ea99281de163f98b825c4507e",
"R02","5","pendiente",,,,,,,,,,,"85fb24791dcef197e8002e873e5569785f47d11ea99281de163f98b825c4507e",
"R03","1","pendiente",,,,,,,,,,,"29185b3cc44aecbbe10672902b1fafe2212cd0c0f79cfe485df655c35755b79a",
"R03","2","pendiente",,,,,,,,,,,"29185b3cc44aecbbe10672902b1fafe2212cd0c0f79cfe485df655c35755b79a",
"R03","3","pendiente",,,,,,,,,,,"29185b3cc44aecbbe10672902b1fafe2212cd0c0f79cfe485df655c35755b79a",
"R03","4","pendiente",,,,,,,,,,,"29185b3cc44aecbbe10672902b1fafe2212cd0c0f79cfe485df655c35755b79a",
"R03","5","pendiente",,,,,,,,,,,"29185b3cc44aecbbe10672902b1fafe2212cd0c0f79cfe485df655c35755b79a",
"R07","1","pendiente",,,,,,,,,,,"b83b78c3bbf2408c85886fbae9c0892bb3b442cb1710c1510be63ebeeb6a24d9",
"R07","2","pendiente",,,,,,,,,,,"b83b78c3bbf2408c85886fbae9c0892bb3b442cb1710c1510be63ebeeb6a24d9",
"R07","3","pendiente",,,,,,,,,,,"b83b78c3bbf2408c85886fbae9c0892bb3b442cb1710c1510be63ebeeb6a24d9",
"R07","4","pendiente",,,,,,,,,,,"b83b78c3bbf2408c85886fbae9c0892bb3b442cb1710c1510be63ebeeb6a24d9",
"R07","5","pendiente",,,,,,,,,,,"b83b78c3bbf2408c85886fbae9c0892bb3b442cb1710c1510be63ebeeb6a24d9",
