"pagina","validas","abstenciones","niveles_validos","todas_salidas","modas","fraccion_modal","rango_ordinal","triggers_distintos","principales_distintos","evidencia_insuficiente"
"C02","0","5","","ABSTENCION|ABSTENCION|ABSTENCION|ABSTENCION|ABSTENCION","",null,null,"0","1","5"
"C03","0","5","","ABSTENCION|ABSTENCION|ABSTENCION|ABSTENCION|ABSTENCION","",null,null,"0","1","5"
"C04","0","5","","ABSTENCION|ABSTENCION|ABSTENCION|ABSTENCION|ABSTENCION","",null,null,"0","1","5"
"C06","4","1","2|2|2|2","2|2|2|2|ABSTENCION","2","1","0","1","1","5"
"C07","1","4","4","ABSTENCION|4|ABSTENCION|ABSTENCION|ABSTENCION","4","1","0","1","1","5"
"C09","1","4","3","3|ABSTENCION|ABSTENCION|ABSTENCION|ABSTENCION","3","1","0","1","2","4"
"C10","0","5","","ABSTENCION|ABSTENCION|ABSTENCION|ABSTENCION|ABSTENCION","",null,null,"0","1","5"
"C11","5","0","4|4|4|4|4","4|4|4|4|4","4","1","0","2","1","5"
"C12","5","0","4|4|4|4|4","4|4|4|4|4","4","1","0","2","1","4"
"C13","5","0","3|4|3|4|4","3|4|3|4|4","4","0.6","1","2","1","5"
"C14","5","0","4|4|4|4|4","4|4|4|4|4","4","1","0","2","1","0"
"C15","5","0","3|3|3|3|3","3|3|3|3|3","3","1","0","1","1","5"
"C16","5","0","3|3|3|3|3","3|3|3|3|3","3","1","0","1","1","3"
"C17","4","1","3|3|3|3","3|ABSTENCION|3|3|3","3","1","0","2","2","5"
"C18","5","0","3|3|3|3|3","3|3|3|3|3","3","1","0","2","1","5"
"C20","0","5","","ABSTENCION|ABSTENCION|ABSTENCION|ABSTENCION|ABSTENCION","",null,null,"0","2","5"
"C21","0","5","","ABSTENCION|ABSTENCION|ABSTENCION|ABSTENCION|ABSTENCION","",null,null,"0","1","5"
"C22","5","0","3|3|3|3|3","3|3|3|3|3","3","1","0","2","1","5"
"C23","0","5","","ABSTENCION|ABSTENCION|ABSTENCION|ABSTENCION|ABSTENCION","",null,null,"0","1","5"
"C24","0","5","","ABSTENCION|ABSTENCION|ABSTENCION|ABSTENCION|ABSTENCION","",null,null,"0","1","5"
"C25","0","5","","ABSTENCION|ABSTENCION|ABSTENCION|ABSTENCION|ABSTENCION","",null,null,"0","2","5"
"R02","0","5","","ABSTENCION|ABSTENCION|ABSTENCION|ABSTENCION|ABSTENCION","",null,null,"0","2","5"
"R03","1","4","2","2|ABSTENCION|ABSTENCION|ABSTENCION|ABSTENCION","2","1","0","1","1","5"
"R07","5","0","3|3|3|3|3","3|3|3|3|3","3","1","0","2","1","5"
