52d7006cfc2621e8eec5e83396882e267edb7e6b44e0a7f1b042309501968cb4	BASE-INSTRUCCIONES.md
7eb67ebd6f9efc6c5a7f4200d2a0649eabbf493d8ecbb43872427781cf71b968	ESCALA.md
658f352506289f68aabca3cccfe55258f7c914c6e75adbe43909e6ca391768a1	QA-ENTRADAS.json
8cd81c823c50e6a5bf14021a830394dfb2d64ad3638eb6cea44342193aa9eb75	QA-INTEGRIDAD.json
55ee2963799126501952fc27fd508844a112b6ff18bb359ca4df82a043db300e	QA-REANUDACION.json
53904f8f3db3822d70ff096d927f289a226c3c7ea84d1218dc84ee4443e1b494	REANUDACION-1.json
1165e81c75b499a075403109cd60d3af3146a027a61935175df4e87ef9db3c24	RUBRICA.md
88ee11282451cd2c1c608a801e692ad230da8ec96b97e65f5eb957da76640320	VERIFICACION-MEDICION.json
878198b17469a4e615f69cf9d059217ff98e0828c1f08dc16a596367c583b986	entradas/C02.json
c6c5727f646358c74944a3e9737ac50796a186ce95bbe12dffea5e206d04a3ea	entradas/C03.json
d4fa335dcd2d32057d8f37d7c69cc5bd6edcbfe8ebb7253d8a88ac0cd6edd9d5	entradas/C04.json
12e6b4bc37fc9e1d75ed760f373eb50db587e8553224cbf118a60a83c69ce495	entradas/C06.json
a3f1d890ec2b4c546964a50af93ae67f7f6239c662eb1400052f5be8fb7aaf03	entradas/C07.json
1e2e0b5b1719df1d2736a4f22328c99186a9c4e473ba6040429ae572f8196e23	entradas/C09.json
29e8819057cd71ac41f3a8bbb142ca50bc6b544b3a3d73ecda693f194990c176	entradas/C10.json
45d1a84085aa9a4835e30be54bcc0f43454f2c93feded52ccd15c50281619bec	entradas/C11.json
1822bfa92517b75d016ff790ef89e5d37d31403158d443277af871fa31b70957	entradas/C12.json
ea769a3c1193e37fcc11035a872f1be419865e6f722b217f8d525863d107b0ca	entradas/C13.json
fd429426cb1ffbc2dba5196c4d8d0e91556dbebdb98dde81c99123e888f12494	entradas/C14.json
2d7a394b84d5dc1ff47e0b6b87f6db77d8aa0bbdf4aa46370ecdf62db8ace620	entradas/C15.json
4238076b1c945c5a90bd3d910b01223b7c410864b75c7f39bda4388f2caf51b6	entradas/C16.json
265d7cbf58b5e21156ba4ae4caa9ef1eddfb9921922e08f6dc73ea5442b017d7	entradas/C17.json
123727901ac2182ea6af4fdc2dd45915a9a23cc8c14847aaa2cad9ffa84caf6b	entradas/C18.json
4b3a53d9eddcf20b3c757a0062f44795d5be97253ef480a5614a1712edb65bbc	entradas/C20.json
9cdb4fb10d3b160f40244754dbb809775d67979d5d1a47dbc0c68ef7275e2096	entradas/C21.json
899f74cf7fa380db20bea4ccab76486b03ac5b7a3bb5d33f65c30158ea4c1277	entradas/C22.json
6911d7f0b3e3d986e738f63674c407171271b662bd67b46dfec03395b0a3fbf0	entradas/C23.json
4244e9d90c632fc65d26bffe07c31736d5c0068051600a246e75e7b1c872f8ef	entradas/C24.json
146e75e62461ea96817627580d482c4eccbbd6f717b5d4f156eaa7cc7bd38ea9	entradas/C25.json
272028bbe120860adec741d8b3bc4b47d4ded5ecb386f3f39ca21e94789e8286	entradas/R02.json
8aa30bcb57ceea04894804394f510742f728b451513609f5a52115345b21cae7	entradas/R03.json
077249e57f463c82e11b7874c7ab8b4e254ce924c71454c14642bed407254018	entradas/R07.json
81f769e8ea5e99c4e6a5048b536de12344dab26f26fb218d461ade50da89ef58	intentos/C18-r1-intento1/C18-r1.json
76d4ea328bf7669216f7d1e10514bd657e30c4918d05170000b2a8ed9f8fee7d	intentos/C18-r1-intento1/C18-r1.jsonl
9a1f80b63eb2e3fd1f6e4f64f990510dbfa0d78bec71d775e6f6e3ef44922db1	manifiesto.json
62b5d79f1d65d31887de77b0f03b48668e309c44b8b3c6fe4ef94c43afabcfa9	prompts/C02.md
4977322a8bc1e69175dc2b375647f49313c133483034df5539599046e7a77c2f	prompts/C03.md
a9a26f8e55d8c6e74235f003291a1838a046caa907a936cbef4932317e5cc780	prompts/C04.md
afa374c0c2fc45f4d92f1832069db8e1698418ac2de266c01f6c92a88852ffe3	prompts/C06.md
acd7920d75e82f99f05366dc62f91ed8e88c5078f296af98018cc41c36b6ce1b	prompts/C07.md
b44ef30c78692fa3528ef97b3ff855744fd5e020bd56a69d66254918c5e26b65	prompts/C09.md
f341cc44b19b8d7fff3e96c401da8ba48eab592772d78709f8d972d49ba1fdc7	prompts/C10.md
0969b76649583b0458afcec006e3ec819f187485740bdc60eae0f9c4c08efde6	prompts/C11.md
27a38bb1e9584f0c87c0c8307adca4831747164c5c4cfedc81050bf7aea6e9f2	prompts/C12.md
612152962c7d5844e4468b4791a4518584efe9d90e5d4a93b95991001bc98802	prompts/C13.md
cd48e5eb51a80977a63adfa17257e0e1d3dac8f887b92e438f776a9655a2c2d0	prompts/C14.md
15054cc1931b200a699cce8412ecd84832aa2398f3ff9906b4e3b9484d6476ad	prompts/C15.md
f0169a8f723a3366346c578b2cdd084d5413becbf0442c57a572953c0c623f3e	prompts/C16.md
7599c8e0bc8aca3558a126d4697fa4b68cc0eec7f41e90808987b9b7abc41cae	prompts/C17.md
f5936d6d11b4f1ac15d18d955999e6ccad10f1411becf26485183e2b51a756d4	prompts/C18.md
67e3ff9c9c736f851e172b2daac56fc9dfe201bbcc934134b162186e389454cf	prompts/C20.md
2d7195b14ae7f25663928333f0dccb4fca9b6f8a07adec4758a2dabd97857100	prompts/C21.md
ee4543b27bed2ba614379994509bbd4a63a34d2bf75950ddf693c56d082caf56	prompts/C22.md
a01dc38e36dcd74cf60ea6fee8ba8d8f19cf70d7a20928d49e6bc3b2ccdc99e7	prompts/C23.md
a7347675bd8a9d2d149bbc6b1e6e2ddb22abee03d4ffd46e1756d0c0641d65e6	prompts/C24.md
b615883497fa5b3222adb236bac5c6c8fca07d6fd2f4516a24a42360d7a1d402	prompts/C25.md
bcc46dd0b35ce48f2df28db0806446d3cbf024d611078802493d22b21de8a2c2	prompts/R02.md
ed9696413ad9d9a5d9f2a294da3b2fb0af21221cc18dfa567985e6bcaf75290a	prompts/R03.md
746d3d600d239c286a32c545f48eaf87fbc944e9cccbe1b7c1c2fac8d22cb1cc	prompts/R07.md
5cac45b8bf480fb072e42f6f39c47d43749380054e071c3916ad71f5435e9102	response.schema.json
e7b9fe76433f94901c3ce86c31bc0574b0c13029058bedb43578ac76565d4cb2	respuestas/C02-r1.json
e70bc77d2342dee7281b90b4e66a476a3479ac619251fb97c10c924532a3914e	respuestas/C02-r2.json
db939a50bc6d55616088d9c5a40833ae43c9574a0970a9fa1a2a20f9fbc345e6	respuestas/C02-r3.json
1ae19fb80350f5540f9e5022bbece4856b56d3fc3cbd59ad62b4d61b682da813	respuestas/C02-r4.json
349423793f0bfccf07293f3543fad429974bdc662551ad2aaa9d519cd1d8459d	respuestas/C02-r5.json
eb9fe75c2e3b0d9726e98418be7fda965658185924840600bf0a495e49feea54	respuestas/C03-r1.json
c6a15e3e5d79601fd6bb0fb4786a5d7444795da3036ecbd6091ebe43885f8e58	respuestas/C03-r2.json
81e61b292991916906df0f7769cec7802e5ac666842b4974ce33db3846d6479d	respuestas/C03-r3.json
e8a7e4dc9793c6bd2d7033ff310aec026f031973e091f0c393116faca286b336	respuestas/C03-r4.json
831257f214aff527f939d666251640ee120d3317ba7c41c1d8fe643b585cc539	respuestas/C03-r5.json
991e47f72037f37a8f42a8668dc11e0b03768c1dcb7599236fc427fb76b94f38	respuestas/C04-r1.json
99b4dffa17b63471aa1fb51bae599206017fcae1fe24e04a8083d67e3420a957	respuestas/C04-r2.json
222062805ae72926a08b0afb3b1b751cca1a06720beefa6a51abc44f6357ceb9	respuestas/C04-r3.json
88c761b63c13c4c26e38faea7b29fd222906ab68a67b5d17b9865bad0e4461a2	respuestas/C04-r4.json
b02c35aaca9c2a02765e1cb76323d69fac4852eeac86e29b24215e46314b3485	respuestas/C04-r5.json
2eb7363a8ec1d2fdd1b5cb247732d3f7339b1f45b5078f24c4a2b8ab4a849b11	respuestas/C06-r1.json
f8400bcf25de3b1a202f695ec76b0ea8f02693491843820d788bc63dbb49c7af	respuestas/C06-r2.json
829b5a5cc677fd317ccd85483df3ed1ca1873441ce94dbd76f4f5032698d5d54	respuestas/C06-r3.json
69b28c801e8eaab0365f0271cb76146d8019359d8677988056af216f23f643ec	respuestas/C06-r4.json
cbdbe9d4cb0097069799a57f80dd427c1f497c82609209da28b11a1ef61d47b0	respuestas/C06-r5.json
28998c23d32605ce600ec1ee1efae5d5dbb04da5c145e5884f4c1a8d6fb7620d	respuestas/C07-r1.json
b32a65a48df1ae12f2e2a2ca15d72523e72cb246b7eed4761c5e189ded819458	respuestas/C07-r2.json
212b7835b30ffb6b538b3c87189a0c045ec6aade09eeda09b845bae96dd4d32c	respuestas/C07-r3.json
e4062d61df0dcc125dc56081fafe43c7dadbd6bb4c46297420e52f11f6db5de3	respuestas/C07-r4.json
5edf9588e9ba42c6e1ae81f7617d5b59f4f57baa3bcf1757da03fee97600dddf	respuestas/C07-r5.json
2af9069472aa66034ddca1175fa99c992cf7a912850ac56a1fc1ed30a1c0e90f	respuestas/C09-r1.json
54484e112948696421f3e8165ff6a6c4851005758648a8ff1c2bc06dac4ce5ca	respuestas/C09-r2.json
a38fee325348dd9ef806f7822b23e762c4d1c5edaf0350adc1a40ed687a83028	respuestas/C09-r3.json
27ac78528d61a17f441838942b0695bf9f98bf01115f32c62df20560a8b6cf21	respuestas/C09-r4.json
6575d1ea0a2d32ab25b5f0988970bbcc693ae32f71747e284c0ac769f454fa88	respuestas/C09-r5.json
86e0f37df1594f4e78bc03b21f1d410fb53815282e60fd8ba0f6797a4b6fff6c	respuestas/C10-r1.json
c10e03833c6bd4dadd62e13056045bdd9eb3a7d04b9100c7e2b2c7bdd2a5877d	respuestas/C10-r2.json
71cdd2d3513289f521227c7c30b9f6bca007d76fa05c257cefa68d9945f76805	respuestas/C10-r3.json
c2261e7f95fc6a887509a6a1cad9c7276a0c79873df076467db76ed1ec7bdc8f	respuestas/C10-r4.json
1b4d25dd8e8ee7fb50523edc64781bfb43396fd12f66efc8d25a0f7b6105fdeb	respuestas/C10-r5.json
1a9e237fc5df2fc413cf5a23891c148d91ab0abee10f92b48834775452d62384	respuestas/C11-r1.json
ee2777f7325395d64ef1bb062aec35e76a1e0a5f77846eed3a46cad6aa041ce5	respuestas/C11-r2.json
3a8eee754a4635807515c087c60522c5933276bd6a7cc277e771adc91f5a82ca	respuestas/C11-r3.json
37e58e75dbd586c0b0edd4960a6be0d53f8de0f0710659ea75c0f15c507c5aa7	respuestas/C11-r4.json
8c31ee2f299be66fc73fe58c862d748ec8dc8cd61f9adfedf8b95a9e1be15c9f	respuestas/C11-r5.json
2a2d87f3d7cbe5d358754294487bcb6895113029f9b09b8f0db1381f93653011	respuestas/C12-r1.json
a3546451a75e2a6e37da339c924ca4323d744b8f2ea69b95b7973f6dc2899963	respuestas/C12-r2.json
957acd85a61358509ba0ca8f657fc72834b88cf65710d45bd7a09da3b0bf7726	respuestas/C12-r3.json
8fc3f90de010b384fa22b25bf01deb74ddeaf57b0ce6a518706a7df4f219fbfb	respuestas/C12-r4.json
414b82549022c8eee1200d1522e3f613a746e8216e360a9e2dd0677904e0c328	respuestas/C12-r5.json
324bccf207cd2ab15f0daf1e42eb78b5c86edec15821d1e2977e9d0334a87636	respuestas/C13-r1.json
6a92e34dc0a692908f621664b86998316ac500f081eebf6ed39cbeccb82d075e	respuestas/C13-r2.json
719560057808a753f47fdaa0daba47c5d67237a7cd69a551b73926bd9e7eaa4b	respuestas/C13-r3.json
89228da48376be7a013ec3a016babcff32da230a7d6683731aed25021813cfca	respuestas/C13-r4.json
307d18160a10ce0aaa45a45127749488537c08b397bcead689e620fe881f3b69	respuestas/C13-r5.json
eb031bd49a80873b577209cd001c543e123a587f471f62cedf1dabad12b31cd7	respuestas/C14-r1.json
167307de49b1e8d3e75897519a942ac8e1361de2262e7fa2f329f93c31431a8a	respuestas/C14-r2.json
bec23b996c7470697eeacc386d439db48ba073b3edef2197d8d8029da88524b5	respuestas/C14-r3.json
6fd238d56b7bf8830079248e5cac84827a521662000f59cfe2a9b9595c8e2044	respuestas/C14-r4.json
39f579d20bb6dda18a036a753d35b171579e827eca549deb9551de008f6f5c16	respuestas/C14-r5.json
86be571e441bfeb70635b042b5364c42ec611fab35e60eb5a80aed2bb14e5700	respuestas/C15-r1.json
7cdc7630a1659a4c719f7a4cd4cddb1810a6693371b9d4308929b14fd6139981	respuestas/C15-r2.json
b9e4dee70228656b8398265a913e4887e2c11f7a58191e0fe4d2d62be6266076	respuestas/C15-r3.json
70e08e6574bbd3341919924685eac6caf90abc2d67fed88e3652ef56520cac7f	respuestas/C15-r4.json
cda354a0fa840879b39f3ca335d5e37ef28476f1d96a676f5317335fff112c49	respuestas/C15-r5.json
80fa576db454f5f6ef615217bbca0ecf9dee9222b5bb40723d6eee0ffdc55496	respuestas/C16-r1.json
6baecc1316f4bee173f6b316176e08036f2003d2c68bd02a4d5c678a24e6ce47	respuestas/C16-r2.json
c8272f46ad84ef48eaae7290e882ab0e573312831b021b34179ed5699bebe91a	respuestas/C16-r3.json
43336f441abcf2c4888186727af7227fec7e79ebe186d57bd56b839249040190	respuestas/C16-r4.json
139aa7cb19cc77db1837406c0ed0a9b1be9cd3f24f12d5af372fe7f4eec3dfe2	respuestas/C16-r5.json
e44db4b1448e540d4f7767ce810138c9adca21d6ccbf26d3eab2fe6ae0523b43	respuestas/C17-r1.json
f8ad6cfbcc9fe29961068d55789d4b4bf2665e758c96585aa44ce34625e7e5e8	respuestas/C17-r2.json
de7bb5f8bad9f4a17f21058da073a27d157405f8bf201a6ae2fbb484422bc72b	respuestas/C17-r3.json
80c2f3227fb85155648da9552fc054d02d8f3e0d7239290a15a446aefdf57a60	respuestas/C17-r4.json
83f25124c55328fa5b5471d847016fc41bfa2a45090cea8b866cd64abb7c9807	respuestas/C17-r5.json
94bd39af7337a800651475b66830759222bd1d4c66783425fb0d4beda8e8000b	respuestas/C18-r1.json
ac4f8b6a11efbde7182e1d9f44bf6acced53297dd4ea016f8d73842777ed3863	respuestas/C18-r2.json
d3ec1727344f4746d123e5c18ef183c895ae5a1bcb79e2912d78df636cf0c779	respuestas/C18-r3.json
b25458889132b23a6e876bbf1b03a3429b669dc8ad15c89eb280433d9970fd8e	respuestas/C18-r4.json
0cdf1c660a24ce79769f07ce6c06179172addc3dd4406f0a42aacd1ed0eed2cc	respuestas/C18-r5.json
fa3afc2011a57e57dd5fa1aa7e3eacf0abbb14e0f927f28d2f0c932c4fb17e88	respuestas/C20-r1.json
170acab2c7d2ccf27f45870a3028aa1dfab56b5991e54437b8234ee15ff791b5	respuestas/C20-r2.json
5a9c4d45659f2d0ab7e8f99aafcd5a42bb21e515cb8f44b73f1f22857fa1615d	respuestas/C20-r3.json
35f7c01ca31c347b0baf4391b8657eb7b09d3ecd2ef0562c5af9923b15ba1b33	respuestas/C20-r4.json
3e5c4a79cd14ca439b819b717c56f939faa3351551405d81cadffe1166f6df2a	respuestas/C20-r5.json
41399367ca2a34ec144ae13971e7cc4e80c1324e8d30042a24434b3929273506	respuestas/C21-r1.json
569787c31af9cd8e86af767004dad26b8d20d0330a397624bba5df32ed5f6f74	respuestas/C21-r2.json
af5ac1866628c70c87dff2e105c8c1b65cb21ae22f8239368d946f7e4f0445a3	respuestas/C21-r3.json
0833418d89434fdb2659f58c41aafe8d9194ac48526983e7587e72a01347d4c3	respuestas/C21-r4.json
83cc89cf581621d609276280ef3e1986295ceb24ab197903e734a6152a56e3f6	respuestas/C21-r5.json
c9f0fa4a25fc8dec2f5c32835c1cd5586d20731d2b6deb82e0b57c66222ea1e7	respuestas/C22-r1.json
a98f8d8be7c55fab876008111e7f66f9dd9803ae0ddb7dd621e1fe8ce030db42	respuestas/C22-r2.json
30672bbf22e53a9981796b88c53e9fbb3193a0b6d46dbdc169a36dafdcffeab6	respuestas/C22-r3.json
113321a7143499dae1f3b3506c31a6140fc4501d26ac75023ff61e0bbbfcb265	respuestas/C22-r4.json
961413e6984d276ab4323f211d45541bda2abc96acadb43732cad34fca2428f1	respuestas/C22-r5.json
162877994474b2f16d0becbcc07e925fcc8f87bc7495b5cdb3268f12b44f6376	respuestas/C23-r1.json
3b9277e89c8250d6cc8b080d8ec2f370a0d6e69617f4e12fb8f2bde5b3de9043	respuestas/C23-r2.json
54dfa9280e5d38d096100bed5bc244f48f26a60bbb90276ce3feac893465ca61	respuestas/C23-r3.json
9296a7f6bd50fc9efebb9a2769c692de995712c87017ba311c4ca12bfa47f5f1	respuestas/C23-r4.json
eb090a65ee14e21d9dcf83f1433c9860476ffa7eaae7a6a2a8191d7162d96c01	respuestas/C23-r5.json
5da81b4d52e48ff211b510a5da50b86b458e6bafed0e7ba84803853011ead777	respuestas/C24-r1.json
6f74df30bfe3e494be7279637e4c59f497a53f49e51cd78a3ffe5cfd10a19477	respuestas/C24-r2.json
70b1b679c75cb2ab2c17f92c7841f09848ef5ee1afa2a59b97d84fe0ca8586e7	respuestas/C24-r3.json
11a7ab5fcdb5a5f5824f2878ab3dff12f6bd6e162bbd4108dab41fb0935cd3fe	respuestas/C24-r4.json
5cadb2cbe6c9d32115e0cddbc98aefe09553cadb7fde7665f9b8e3cacc7ae2aa	respuestas/C24-r5.json
ae435b41240d689ab68b2d0a08f1ae9d858d50ed0e44333cb34f27c92a3f2d3f	respuestas/C25-r1.json
3a5b145635c556249bce3b7b35cc663e39138854447d32503a3887dfe3ab3953	respuestas/C25-r2.json
9b283488926d74dbce5801f775896af85b3d4f39c61abfb9c0ebb71e9bba30d0	respuestas/C25-r3.json
9925d63d375b2ad9d3980c4c452bee94e3b7c22f9388a87c1ae50f0851f9e00b	respuestas/C25-r4.json
936c1c71cb0bb4a5995f9e2e26b2e05f7303e5e4c12eb41a821e62f5aa529e36	respuestas/C25-r5.json
6ab333244fb9905f5aba180b0da91a55224eace8f402c5c667d85282ca68d1c6	respuestas/R02-r1.json
36cb13e149b72cf3c369b4e0db7de25d7904dde07d8d1b2e65e98ad6ac0e6cdf	respuestas/R02-r2.json
991a317cb66b21e4512a65a95bba0ad6396e76c9404d9c864660c1a1d1822e0a	respuestas/R02-r3.json
72b79bd86e0b86950f81b798b6bada22707b501658ea87a4ecf89362b88ae853	respuestas/R02-r4.json
05a45219018e82f6c3f7aaa432f6c3477c868edfedb9475dae27cd2ffeda0dae	respuestas/R02-r5.json
36953623104cf856da7cc85a204f4ed842f1681ed333a5a079fd2bfde4a4079b	respuestas/R03-r1.json
32c249d72cc5dc96643e1d45f8b49cf643587de47521db661ee2a177cb461fff	respuestas/R03-r2.json
6e14177b7be54b0b4e649ef79e49176f3f12eefd1b132379e4eb8a819e9d3292	respuestas/R03-r3.json
dd1232757c1f2bc6a68726569bb8260e9f6a6dcd037af71a0b0e868b82ed9c90	respuestas/R03-r4.json
a580b816bcffe1fd20c72e617b1dc77fca8d1c6b4e39ea5fec72d1f9d34c9b3a	respuestas/R03-r5.json
faf73a403a18eaa9ac5485d286f3cd1eac4a9190e41bd205f3f13127f7a50561	respuestas/R07-r1.json
a3b47ef6e537c231fa8c92462fda8b684e6bbfe49b43d7314d15f89efe7038a4	respuestas/R07-r2.json
2632a4fda4e786767dbaaa2f2f71b42e9d940f171c351fe9886680fcdaabcf10	respuestas/R07-r3.json
d22ad0820429d88d69b712620e625dfe95cbf47c8edb8eb5d4ca4aca3b97f3b2	respuestas/R07-r4.json
bcca69f9dffefad0ff4682a4a31d11c3fdfcf9d23d3e4fb549a498f16d9e1223	respuestas/R07-r5.json
5d6209ff0b8722458dd8e8abc2183fc0758e4908a0c43b63166e94831f60ecb8	resultados/C02-r1.json
22d2fe57c495bf072c2d3105a9a93dc6c69b7f3810c6709cf33f41b1ecc46d44	resultados/C02-r2.json
4e4e369a39050cd27e6ee6c0b3d5c5a3b5b598c89d2c55c679a6fa51830b3fe7	resultados/C02-r3.json
38e00907ff25d695bae634e147c5f8ec12bbbaf0bcec2fa9b53edb3b553e8c31	resultados/C02-r4.json
aac11391bbc74c0076c9794de919503b1147bbe40565aa0b4b3c20d297799126	resultados/C02-r5.json
035b1ce703b39534f3f47bb94cec667d0965ce115d2f38502c6f6702ed5bac09	resultados/C03-r1.json
96783dd420c3c8b19f4bacf154f6913da9d164ad33b2a82b3dc9724140b4379b	resultados/C03-r2.json
66afdd5638d77827263878f16bd0835e9cbaafa0ce41f88ae1aac69b5919d441	resultados/C03-r3.json
3f7461f7a3d942c9dec2a32fe8dc48ae49bcbb07b8779e1299036340184cd352	resultados/C03-r4.json
bd387f19f20d535f883f31d51f9e0a8de25e1a68eed3e8d157bccc63cf3408db	resultados/C03-r5.json
142ec58c7f5be4d84778f0b76dac7359e12c770ab2bc8f58dee15abc7329cc2f	resultados/C04-r1.json
d24693721b7a9e5586ee00ec88d2931c1306bd65d8c77216a70eeb313e16fbc9	resultados/C04-r2.json
1b44394af09dd330ef1c4374713a62bd8bad351e9e4e273cbd1dc5e41a40c38b	resultados/C04-r3.json
2b63bacb83fc98ba3541d20f47edec4da02f175c94bdc75e582925b5c58f1452	resultados/C04-r4.json
9e03647e27334a3c42b7e67d1787b035580b60aa06f0f4ea863ea362bcc161ff	resultados/C04-r5.json
34b12e8d34121b1129990ab29228372be5cc8f3dd189e05a33b7d6c45ba33b96	resultados/C06-r1.json
010aa39eb33f50a5af8d53cafcadbae99f7f14129b5de72a77a5756d83b7758e	resultados/C06-r2.json
2585c5ef90e70012d1e6d50c35230e811da8a35a1b27dc42e5dba94d6f6ec282	resultados/C06-r3.json
8bbaf3dbe41894ae5b954d9d08f7fc2b80b860e976e418dd2998ee3c249d9535	resultados/C06-r4.json
55dbed5dd59b7ae8799d4a181a2dd81a9cbf6092f382b28c16ed2415c79d7e33	resultados/C06-r5.json
5f9de5f99c16883cd2363c53a6a415a2bd20b82f1af69f39786bfff45c0d363b	resultados/C07-r1.json
7d73e636ad43513b06b440d5b3e5ccbf3bf210b0ee4a2a8d8b9fd37478f8de94	resultados/C07-r2.json
7183658d4882e99f24335060dcedd480bdfa65f8d8b1cd99715a11e3771e47b7	resultados/C07-r3.json
1728b5d13f3e65032f02aec451fdfb9bac94afd2c903b6069446ed9ca8db7920	resultados/C07-r4.json
fb7db2b86408c317587f22b30c89bdf7822639af05120e6fe36525f9173d9875	resultados/C07-r5.json
3caa73d6d2493e975339db12ea806c80ed5fbbbea99425b23f931db47331c0f2	resultados/C09-r1.json
f837e1da20bb3e03256cc97c94393a08dccdc061b4a9d2525c37577b45b3039f	resultados/C09-r2.json
f635f3ff991c7233c51bf1d1cfa4fd638423272e441f8fa654db2cb10ca05601	resultados/C09-r3.json
2e90949c1924569910c4e20ef3c481f96a32c3f32c0f3bf423643c50c329d542	resultados/C09-r4.json
8b051f630e9430890326cb62309a387ce54870c8dfba0e62018d31da7f3c5384	resultados/C09-r5.json
745f1d5ee0e47ec87ea5a8df29fe74dd7c9263c50927347a0011d7ea52b058e3	resultados/C10-r1.json
bd56167f1247f9434a9a851980757808cdac0d15d58ad2e329be27ab417372b1	resultados/C10-r2.json
569bee98631fd8956ddea6e23ec5ee44f71364cd9e2ed9611a060b47231dedef	resultados/C10-r3.json
05314311169649cf099aaf80b8f7aba22a781eed4c1e22ee5c035daed056f31f	resultados/C10-r4.json
e8fffba3bd2405451785a476dcd5d80fb6d61279374f568b4db6348eb68ee06a	resultados/C10-r5.json
935a6ca6394f5da971100d466e9abd32fb79888f6ded7b895fd9d2ae722eaea0	resultados/C11-r1.json
94ce5fa36b99759d7bf01219839fe040945c46d07adc63800218e6c1ce4d7130	resultados/C11-r2.json
291177a0424bc03e0393576770a270f1484b7d3a70c5f4baa77a18ea814c764c	resultados/C11-r3.json
a8aa86cbd7439e47fcf342f0fa402bd23581eee9b14c7dfb5f13a3ddc384b41b	resultados/C11-r4.json
18910663af2cac4dfad09edf05efcb1a129cc25ef7be24e7ded2c02d9b3ea688	resultados/C11-r5.json
86b1afce1a4ec400af33668784ad17afc10880a5169d720adf03d622b21d471f	resultados/C12-r1.json
1935e1d1f92b08222fd1b14b74a7ab2c6ca538630de9c651b857c506b647c497	resultados/C12-r2.json
40bf790074c48d6f21e5a5a1fba214154b472e8a2bf2981aa9e9d13efb869547	resultados/C12-r3.json
a9d95dcecd9094c29853c6ac525ca05308bc5f1f13e5af11f201b0f6b386faa1	resultados/C12-r4.json
7a7defc10a166b3fc600f5e4592f5962ff00e5c9ecc585e854fdf85cfd45d8fc	resultados/C12-r5.json
435578b07052f2eb6034e9cc15d5e299a5b5a2f3bdfedd7f0b813b136ddde522	resultados/C13-r1.json
57d98c213cc3cb370191edd911b39585064bf95ab35fd4e575e899b5c3c1dd1f	resultados/C13-r2.json
019d513b7ec471a1dba9d77d823650e4435b601b3e2c12e8bbadbf8641151e86	resultados/C13-r3.json
2a82c422f44a57c1cf9e4b2d1c8a8d68b645555b14de35e68e0799487d542d1c	resultados/C13-r4.json
9f03eea48e93169b0e7d7c21330c43d5efac5e4440a34429b61aff519ebaa463	resultados/C13-r5.json
7ea0846f88c4e4bc0d14856c4200739271f699a18fc7bf6d946fc1edff6dadad	resultados/C14-r1.json
4e84fa02b6cb1b6536ae3d4679a9478d8618b54beab8ca7966bf698373bcebd9	resultados/C14-r2.json
928f676a7619fd79bf8bbbcd74d48a9ca3c5c5a2af1a9eba8244839b36bed66a	resultados/C14-r3.json
e6e3d71c61f354fe58e54d3cf51bed5da1e3cc27e598d3a60a9541aac2f2bd44	resultados/C14-r4.json
436f770b1eb694a1c96a54942769831309859142694839dbf9109ffb1e0510de	resultados/C14-r5.json
7fdf38b7cca54544fbddce3830c594cdfd3db3eac0aaed3e4ec6d09154f33608	resultados/C15-r1.json
9a7be77887bd5928e3461c5b9a52665bd5492d84de85969463fdd219994242b5	resultados/C15-r2.json
99c53392d4ae5605d93a122f7461d4b086d5923b00307209270db8d844a5231a	resultados/C15-r3.json
db71f0c0f921be86637f47afb82a58b0577db673d5908c5f6e9eceb1adb82530	resultados/C15-r4.json
50cbf94fcc57f82f311839c6ec85b5fec0ce894350cb6b4dc5947cde7ba111e4	resultados/C15-r5.json
2e1a9fcac5302c9aa1663df296b8092348635ac2488b911bf8314a140b4c6d52	resultados/C16-r1.json
a9eb3ea7e1814e18c2aa5446abc54a2a84e568e24ce20e966042d7aa25711759	resultados/C16-r2.json
319404f38879203e8be4dc2c7b933e8ba42e7ebe01c0cd9fb645c642ed284615	resultados/C16-r3.json
1565d8d4da940ac15e5ba21bb89e78d48b2f6792c60e7d479b21ba1f443d1e94	resultados/C16-r4.json
432c1bb39aaab90100a9190845a634790c059cd69e2bf45f02631978f8bf378d	resultados/C16-r5.json
69589f54657c2ea3257eff622aecfea3eebacbc489f84077f873692e440f6b76	resultados/C17-r1.json
432bc07a635ff87b29c599a84eedda911625752af9c5c83b52eeced7919eed56	resultados/C17-r2.json
b8f528a14c4ac166de88e9c279a9f8a3a1ab6e562e80f16c025c55d82aa07bb0	resultados/C17-r3.json
a3ce446ad88321ce173b65e930001d12255f494cc875db78e74b5a67e035f9f9	resultados/C17-r4.json
a9b60da83303a92360703842749db6194cc7e1fa8749a05dccbc5560d765285f	resultados/C17-r5.json
891eeb38bc7fa34a1458770c227dad499344b766843b5e019ec08423b8ac2cc9	resultados/C18-r1.json
368d740dfe49dba0b7579050cdc5888d9eea1aafb00bfe33749ebda03d7bd3bd	resultados/C18-r2.json
ce92d7a420295a0638443ccc8efd9b74824e25ca281cbde1682956fa233b5dde	resultados/C18-r3.json
290d84cdf3c66b6db09bffae06ad94a904ce1614b3e6bfbad9d636e50c90a187	resultados/C18-r4.json
f6b9377a88e9a6c177d7b25e46cd8b47c36b478450d8a3f3fb88e6983893a25e	resultados/C18-r5.json
dc7b0680719daa7728bd6fa8da312ab8bb6e431557fbfed55fecf0616f4cb042	resultados/C20-r1.json
5c8da834c2b0ef33218d8f1cc52a37ab1c16becbf35c2e79aedb427e6f3cccc6	resultados/C20-r2.json
7297f092b3420518323beadb5e9373cdc979cb8f2e728638c5f4fabb96b91999	resultados/C20-r3.json
36a0732e7a824d7e023d0f500e29761a67d6b1e7757b478a8f719e005052589f	resultados/C20-r4.json
097012a5c404c01b00deaf0a1e1cee5c914de2ae2fb2ed03ce029627354d9b9d	resultados/C20-r5.json
37400fbd4158edcef06595daea8dda475dde431b6080aaf10db56bdaea9f7c16	resultados/C21-r1.json
7d6fb49cd1f03b0c84f41c79aaff329c95f1e8d3d22651785db965197fc05a30	resultados/C21-r2.json
cee9beba536bbf1f242282e795b86d8bca62e1b860e37d1c75bfc0a04425b394	resultados/C21-r3.json
a53908610d9e9bece82727a3930cac90c6c557d07e09ba18780f90bbbdd306a9	resultados/C21-r4.json
859b0014acc8abf12a116de89c005d664fef60428df2b2b65a0bf1e701723695	resultados/C21-r5.json
a14314f92a14d58a8e0a52d6d9c2cb35b1fae26a312e4d22dd78f590c967527d	resultados/C22-r1.json
cf6e27d1c4062f8b973181650c48f030e5b975bd893bd0eef3ec6a28ceb4e161	resultados/C22-r2.json
ca547a5b99670c24a0188d013941b5e2468c42c13e8ed622bebbc659433fb24e	resultados/C22-r3.json
9b2b88564b552ad40e7a05623a2aa45aa230afdb5d4ac193855654e0bb9b01f7	resultados/C22-r4.json
054e5c09a0417012b7e98882ba254ead821963be14aab69cd9714b0c1436131b	resultados/C22-r5.json
e09541f58e35d58a34d36773a45b966966b53b5dae4c82b396bc4e35e890988e	resultados/C23-r1.json
bc020888d0366d9f0de499f007fd99db618a3007621346b75c5d5c535c0eae7d	resultados/C23-r2.json
b3f23c3f6f940b4656ae5c5026a57844803356ba42f85ed2cfa05bdc971a7ff6	resultados/C23-r3.json
18cf900a6ef141b6b2741db157509e98d99eb8be4bb44e92a12732de89c39126	resultados/C23-r4.json
4d747e2a6fb5023bffd0952986aba857cd919a5e4c9d79c46a3a07b7ff5904c5	resultados/C23-r5.json
d88aba2ec8634bea7781c60ef16d4326a29d756a383fea2f8d11c7b3d75f5b59	resultados/C24-r1.json
83ca24d24bdf3cb0e8b12be6bad956b781e0df811243f8dd2fbffffc408067fb	resultados/C24-r2.json
eab4167b38261568f5c8ba3725e7aec99242edf2044e37d0eb95bca8b45b9925	resultados/C24-r3.json
2ef4721f405739ef508e024b6ed8565bf7563872dad83b9085486d6cb7e273a0	resultados/C24-r4.json
e8bfd5ffe7f7f896aa9abf5ec4f705385a9f29a10e67daa1fb2a40eb2e59d9ce	resultados/C24-r5.json
cb480d490ff31d550a724adb803c47ba74de28de3ee1b3a65a91d2cbd19d3dc1	resultados/C25-r1.json
2fb12deb53a34ee403d5ebda3c8c28cc315e2ed2ab72fb9a167b9616e8891d5c	resultados/C25-r2.json
19905083ed55f60b0b0a42900082dd4bc218d94143bb58ec93c97ab0737a12af	resultados/C25-r3.json
ea749d063c0e34c0f466cf854874db3d076b80d6152c7dc1a1c52cc6d0ab4bf2	resultados/C25-r4.json
65cd6e69728cb62f8a56d600cdbc441ec0eb19b8faef40940fb5a2974dd5ff1d	resultados/C25-r5.json
6e7fa6baebdcb528e9c3f07abebf49b57317d0c31c8ce568a51cfe98d255198c	resultados/R02-r1.json
8946bb25609ebad3c095712cf35ac3d8ae1614d6c3faec1fe90befa14cb9096a	resultados/R02-r2.json
28e921692b05ea6a96420d4e7c6c76a7b4c0f0ea58c679a20925445ea9ff2472	resultados/R02-r3.json
a26832f424d78d2d9ec8972af25557b61d21788245322cb046e8a34efdffd361	resultados/R02-r4.json
94b750cd126660012033965992befc1fd138ce43958ec98c7598566f31970ed9	resultados/R02-r5.json
e781b75d6f01bde303169ec64f21fdecfbb282ac25e122ac22ca941fd2e5380b	resultados/R03-r1.json
fe8fc718d24c10eb740cddb533902feb6b2932bdf6ca1d68a9aac465aa021b25	resultados/R03-r2.json
b5d2a8d98c5b15d9cf4e0f0f1c373daf2d4701c33c80cf437fb52a3ae4aec711	resultados/R03-r3.json
6bba0b710450d1c01139e8782360cdb806fe2db091e7708109573ff24a01adbd	resultados/R03-r4.json
a0518508e398e06c70687d05f9a793c380a4f145eabc0504e9458e5ade842902	resultados/R03-r5.json
384d5565e0ceb4e8cb5fe8fadb3875166aa1a72fcb8ba824bec620d559362a32	resultados/R07-r1.json
155a031d1e651fae88625f35ce5217417e849e5a12e8410a7719823b4d259b8e	resultados/R07-r2.json
26cd8ee07fb144cc1173cdfbebf111b33e9aa5545aba51c96084b7ab98e5a62d	resultados/R07-r3.json
34b56edd7344df2d6771154ef8698a153eab8477cc13bfb8c05fc6abdd24db07	resultados/R07-r4.json
97d6950dd76101e21dc075bf04b683d412f47983b97ac3c6f2776b18465060f3	resultados/R07-r5.json
e9b9ae69e6d7025783c41ef92c8ac19a006702587c692b59c9aa032c464c6c71	trazas/C02-r1.json
0dde46b67401d29e48034ae9f94f0fe6bf1941f93895f66948d8198d4fd94619	trazas/C02-r1.jsonl
7400858fa56829685436719e707ade6692c1bbe7164feced2ff288dee4ebda04	trazas/C02-r2.json
571db624eff8db8646baf36c2dcf6548ffc0e64ec7ff04cc4f9f3f999da8b7dc	trazas/C02-r2.jsonl
9339710115510817e5baff31df7f7adc06595113901204f89c0198504f39984a	trazas/C02-r3.json
226a376c38caee7fdf3e8a0e4d640427191086ce0587b98d2b3b3953a986d766	trazas/C02-r3.jsonl
d877c6996828e0738ce447eab3317f0c8fc2bcbdbcb779aa911a16b605edba4b	trazas/C02-r4.json
a9a534d4de5680bb91f00a80c1ef2c19a1ad7635370b0956b419984e9d129701	trazas/C02-r4.jsonl
69b016c27c323c51758caff743b8391b08cb7f08bbad15dd7ca46217495d4702	trazas/C02-r5.json
fe34ba630e262ba6bc42805621e087010a0cc87b44320642d6f80ccbed74e999	trazas/C02-r5.jsonl
8dc5a3ef8be9b26dcfd63d0f1a8183babec134a79f8bcafa43c8dae7983cf3e3	trazas/C03-r1.json
d28da8fcfcd252c01df69e928df230932f4416c39e4201c5001ae9dc1c52b071	trazas/C03-r1.jsonl
c2e625b1d71b61023b145de8fff0e12c336f8e72e7f51b95e4c17d49f3b3e7df	trazas/C03-r2.json
f1f95755f933c767d4f782ad928a881c22f57383c4a1b95139526fa5b6978734	trazas/C03-r2.jsonl
63f608d92d4bac72c20d4089c30bfe101c1641ecc610f6bca6b77a6f8c3f40e0	trazas/C03-r3.json
5c03af88e9afb4d8a809ae0702693337f67277459f75f6b01c0b648f1117aa32	trazas/C03-r3.jsonl
c15645379bc2f6f24cee2ed02261abadef9427f02063f9e4e18bbd5466340004	trazas/C03-r4.json
8c718b88d0a544beaf8b23c2f5a3fe3a9b5c234c7388a6302873dfcc75feeb85	trazas/C03-r4.jsonl
6495ae02381603142eda4ceede04ca2c1125b38d01eaaca42051e99dc1d569b0	trazas/C03-r5.json
56e80cabf69e3ad241590916f7c582039aef6b56873af621cbc35f524d9421db	trazas/C03-r5.jsonl
37e0f7355f61af2e9d7f3849f7e7bad2613d08e59c22a9b85abd8249e3068432	trazas/C04-r1.json
e7db3c0c5ea794939f28c5ba84315b75e5841aed411b0cb5a3f09d4d9a822447	trazas/C04-r1.jsonl
2bc7816350db103e83fca5088ed0b618c8fb0ea74e97f35ca081abefed1ecb72	trazas/C04-r2.json
480138cb83acade0994063154f94e3b86fa88b4554d4888c5e75f9ad4254e028	trazas/C04-r2.jsonl
4f413835028b29f055f5ed0a1a9b6dce1d0ea6ed447b277be3b086537b413a9a	trazas/C04-r3.json
2ba58d2e19ea8e363d779931ace915c9dcbd6914b4a1715adb046ea4d1193ebc	trazas/C04-r3.jsonl
37b4fe1855f5a61a7b5e8bb69d839aad388a30a5910c4a0876954ce2ae40e221	trazas/C04-r4.json
459daaa6be5c010da7f6c5ce42672c72bd8d16dd4dc9c3bf187770ddf10b0822	trazas/C04-r4.jsonl
748fe553905c0c2eb130e48238a1d250b4dfe74a76a128175f02dcf4ac9a4b9a	trazas/C04-r5.json
c53086922cd3f352a92b3bab243177696086731590988d3635d2c8dc3fd5ce13	trazas/C04-r5.jsonl
2e0bad14d65b563c98508d03e834543076380c2d3efc7f1e02e403b55ae5db65	trazas/C06-r1.json
29b16cdbc3ea3e036d7fbcc9cf8aa6a0c666acbe9225cc0da9da035511e2ae37	trazas/C06-r1.jsonl
f10ad2b56012e6779217eb5896435458ea89da8bb7bef841513873c19ef7295b	trazas/C06-r2.json
324cf97f7624a5dfeb248dc234c876c4e66cbb0a482f10a6c424d753391fa043	trazas/C06-r2.jsonl
631e3b236efb1a6a88965cd290ae82a3ec7340dc8c90c7f5f3339ee253d825be	trazas/C06-r3.json
f4e6798e455cac54a8973fad88fd0c11b59cab318d6709ecefcebfb6a0c997f1	trazas/C06-r3.jsonl
1d1e18a1aa4095d0c42430973065d7cc8ef7ee08d04710340948b2b9e8bd1e77	trazas/C06-r4.json
fba0d534fb09ce3650480f6053fe9dde8f27db4afd761311b389b46bc5db6044	trazas/C06-r4.jsonl
ce8892ed96a102952174d9e154c56e88388d5e26ece2d2965aa1aa18ff1a7bbc	trazas/C06-r5.json
abf48a505452fbab70f32778dd0ab317487b9ad2a9a87b677a03247ed2e10462	trazas/C06-r5.jsonl
cd95cc623af29ef2484bc5a4e6c129bb8c77c261fc1ff00f3996be0978fa02fb	trazas/C07-r1.json
4cfd5d48f04a2d959248e259728aa8ca50569f18beb7cbb474a7d97a9e1e201e	trazas/C07-r1.jsonl
8929b812d3663a7cf6f81ead07cf23b63abfb1b80ec6d9540180d7b8c650f76e	trazas/C07-r2.json
ccc380966edc70f8c8c951295941034015e13e226ec69ac59126f315ae2a63a4	trazas/C07-r2.jsonl
e47855ce4d149980ca5d170824a431e07f790670264188b38b3fadfba34e8394	trazas/C07-r3.json
1d0f3cef68f40926091d684386efaf950d0e6d41be104ea0e3c19d2ed91ab9ba	trazas/C07-r3.jsonl
1dd794057a70fddaec7734598de317e4072ff0714bbd977adb6ef01067dd5743	trazas/C07-r4.json
57a57f93362d72460ee85f5d04ee5df49e79362f6fe9fbe15f98216fa34f245d	trazas/C07-r4.jsonl
bd15d25d9505f72927a204eaa04a60e6800995437b84592431e6dd5426f9195f	trazas/C07-r5.json
f6d34b7471563f6b43b98b4268bedcb98b211cbfb93891f1c12bb814d1b69ba4	trazas/C07-r5.jsonl
bc35c94efd38d95b28cf42ec4f3df85a54d75909de0b611d3b063ac8224c9831	trazas/C09-r1.json
e94e14f00b026d996350168ad55e05c9e04c94e1aa4c55e9adbbd701d6fe6611	trazas/C09-r1.jsonl
b6c2877d5679f27dd551f8536f173d3df830fbba6cb5ca8232ed43b955bdc54a	trazas/C09-r2.json
5c7e0ff60f57cd1cd08f6a93c5602d47dc32f2fae7f18d29a7a619d1f7c5dd2f	trazas/C09-r2.jsonl
cd70954d9426dbe1df0bac7436462feb681bb161ee14fd4abd8e02fa5d7fffa4	trazas/C09-r3.json
a3c02cc0c0c53f047cb3d8c18059a0594520c1f5c08d4bb9c2145c90041b72ed	trazas/C09-r3.jsonl
c3037edf4ae80efa2c7797f1f5c510d79c18d4942cafb657e3d0d0f8e6656818	trazas/C09-r4.json
c3f3101f74b79fbc33193e8205834d0c57021ad6720c45f7f5bc37f069c14d6e	trazas/C09-r4.jsonl
2ea3db027aabc7bb340b4205bfe3652421f6785efdcea7587d364f5ca1a57b8a	trazas/C09-r5.json
ec5a68f19deafdd8eea2058f63bd75d527472923fc127e120ad7acc3658ea4f4	trazas/C09-r5.jsonl
146185e2d0b01280c012ff30e8e97befc625ecef3753d0c26881aae73cd2ca35	trazas/C10-r1.json
b2a5f7ef221d154ec0d59c22dc0af4f0b0196864c338a6f61b867871ad11f418	trazas/C10-r1.jsonl
71661a24480fb074f9cd5eb201bef7df80622d1590b7b8456e7b8083b2192e80	trazas/C10-r2.json
55999bf3c296dedecb2f5a4da78ad3d9910fc39e57ab5202f5af0b776534b4b4	trazas/C10-r2.jsonl
6f4e29b60583687281d237c7ee36f9dd4673a004f1367e3a1db8643a3a66daff	trazas/C10-r3.json
031bf9173e8f1a3465c0c52e5e6e3a1225053ac6d6b7d136e0dbcbacde209c3e	trazas/C10-r3.jsonl
cc947b3a0e983ccdb194986bc253031e3c288ac0ad84c43695fd3292878bedec	trazas/C10-r4.json
fd44666f7c2bfccbee02803ee5e9ec87bfa3022b9f74fe551f35c7b186f34696	trazas/C10-r4.jsonl
adf64a3085adfe0d187e2482823041ce90e23141e81c7fded77a0298fc20f1e6	trazas/C10-r5.json
3b72380007b1558f994824664e863792d097796a1a346c85b9094fa520389931	trazas/C10-r5.jsonl
9b30821ecb61f802b881429d20c2680c6f5e335780979a0e2733af9e759c2f93	trazas/C11-r1.json
b48788e6f5d61c9b6c96a3d6cf88cd035b9987cbf4b8dbbf1ff38bdb552b50e3	trazas/C11-r1.jsonl
62bdeb9140c788a80417279d8fa18900129b95e92c525bdf1f3510a05c1cd0e7	trazas/C11-r2.json
89c362aa97413747d8861d2dac66fb313ed2d0bcbf308665722f01d4694ee43b	trazas/C11-r2.jsonl
d71269caf978e16452ba1d58a4897be7609c3146837d2b46e70a0add6606a278	trazas/C11-r3.json
837e521233429c13ec1ec6676d1817465d616f1a03f2f0b479fedd5b0794db6f	trazas/C11-r3.jsonl
430b5c30f9c75ee694680ae3fdeafdeecde818ef8ccae9d0b12cf681182d6689	trazas/C11-r4.json
1d68e78f858064b7f6df8ddb833a11da6e27be50ec7c9dc9c6091756e925db5b	trazas/C11-r4.jsonl
2aa2484aadd16c4a3c9b35e021760e42205c61463518a1cbaeb30be799691d63	trazas/C11-r5.json
3b3836c66b59a83cb65eb22db7fbbfcf762410657d5f1c980f8b9a3e5c208705	trazas/C11-r5.jsonl
332218fe60abeec1ef6053fc9923d7034003ddc70baad9227b73d0e965e9d3f9	trazas/C12-r1.json
444c9cce22fee3bec470334b162db374848bc4f58575e1004d722424cc9d4a40	trazas/C12-r1.jsonl
05e871eb094728d930e7801bb747d0911b703f4c13795beab673bd528fa9e2a6	trazas/C12-r2.json
3f61ea26880ffe9360d441bdcbadc4e10f87fc5fed7fc924d45ece432f18b818	trazas/C12-r2.jsonl
62c506b0030fae67cec0dddef1e45677dd638a53fad1441bc6e34f2dcaf568d3	trazas/C12-r3.json
cc1ef0aca57328b6162094ec9fdf44725f7939af7b27e8ba55f3f2ce4647c2e2	trazas/C12-r3.jsonl
b21d578bd1f617fdb46efcab62b1d9d54ba105340b561993edc0f2e2643dff82	trazas/C12-r4.json
ee4cc60463bddfef7bdbb21667cb3daf4be9c8fe234883d7a148e3ec677131a8	trazas/C12-r4.jsonl
e319b629f55bad90903290d19b201ab2cf134950baf6a0ff892a2e4443089dfb	trazas/C12-r5.json
f1cea3e94a0bb3deb6baac476d4fd4500264f32e6123f1d9ed028f42a66e1523	trazas/C12-r5.jsonl
2f1ad86631c34fe70980c4635fbea0beca30f21faedfa875f54b458bf47c493a	trazas/C13-r1.json
f247b3157b927d1271b70ea26008c4ecf5d03e18f651ab27fcbb2b6b0d9dc230	trazas/C13-r1.jsonl
9a2e28ba41d1d91f42858debe6e02ed69f8e904f6d5c663b6eed3c88aa8ef49e	trazas/C13-r2.json
ea040062a809a5ae94dfcda32b8da44ddf465bfd2acac4816073aff2149e2ead	trazas/C13-r2.jsonl
0eab8d7fc32828d156072708dd5e48f822eac800599e5e4922afa89894fd1e9b	trazas/C13-r3.json
67d970eba1b2e910f8bec2e7348edd322c64f09040f7f666568c3afca9248115	trazas/C13-r3.jsonl
03b3ffd9add84914bb4efa67c82133f71570b2392c2a5394e888a067b1213fa5	trazas/C13-r4.json
5e0e752162feb5b77f8193d710c444c55be3096532d32a899256b7b282e672ec	trazas/C13-r4.jsonl
b86d4162ee72f1d2bc20efb4152a50c773645ad22a6ae8b4871db156881baf01	trazas/C13-r5.json
0bcb44bc3934f0898917dd5434d8fde567fa259d9c163cf576ce30186b685882	trazas/C13-r5.jsonl
70bb7b099d4ebcb3a2a2c96b29c49601f5c63222ceb337e8ab05a4432edbe0db	trazas/C14-r1.json
32748e567d73136b66c8b7ecfc384d249fb034a73e9d8ad8d2e3ca70d7cafd00	trazas/C14-r1.jsonl
cf304d832a19f0526997d09280d37280f264374af094fee3119da06dc731cc14	trazas/C14-r2.json
270129e75e07494a44188295f9f14f77d8880df128a00d6064c927348fb1754b	trazas/C14-r2.jsonl
eecc65daa5d4927b657f77490cdc33fa1cd01b73f95deba505ce82ffc15b9ddc	trazas/C14-r3.json
52e5885430ef59dfc3692a67fdffe8fd77dc8a0bb6c1f271243f6f7d9b65ce4e	trazas/C14-r3.jsonl
22a769ebb051fa5e4db0ddb9958fa872be83d17110186985d03d98f0a205b8ea	trazas/C14-r4.json
4a8815fda1d850e85c12cc051baad371e4ef664025d20e9b4c1dcf9c4090530f	trazas/C14-r4.jsonl
809b01eb94d4e0be155835456c31b0796f24941a83e45b6fd8c5a0e5678e8287	trazas/C14-r5.json
35bff54a9f57a094ce7ea038f81786205611e9920419f101364cfb357c1302b2	trazas/C14-r5.jsonl
93fd36f1c9c10f50a4bddd2e267ac7384b7a582a120f8592cb6a2472c33acccf	trazas/C15-r1.json
9e8c2db75c263c402cbe34c189b12de9cde10a927802bebcfd964d1d44d43604	trazas/C15-r1.jsonl
8548d64aabc938d2faff0df7ac17e9aa7522de4fa839889ca99eed149e0c8fad	trazas/C15-r2.json
4e23fbca26cb0578cee38fa57bed0ce93d406929b0721139c2396f3e64f8d620	trazas/C15-r2.jsonl
16b002b703545d46ed5a8568e515c199d3ef19f07351ac4fff4807b80513e000	trazas/C15-r3.json
79496ace710e12e72fe11bf2a426c934099f92d852d9975658c8819ce9968ab9	trazas/C15-r3.jsonl
2fbdb9db8a8347b96b8cbb96c408f3b75590fcc6eeadff6c3270def9a1c6c984	trazas/C15-r4.json
4a0920e05670104a484be3c73b0503bb6bb82e96d8a3dda7e5e592c541ba8b6f	trazas/C15-r4.jsonl
450b3096996010dd87598427fac7f251372b92badc79a6b0ea16482db286ce95	trazas/C15-r5.json
ec1b78eef928b5fb6e1c20c1079d434f01f54ed79a51134db4597f5d9c8dca0c	trazas/C15-r5.jsonl
25007c86b6cc7f60fa99dc28fd863bbef72fd6e5eca306ec39f57a7b15192c3b	trazas/C16-r1.json
5d9242b03160fe3ac665f52cd18f1119e8b825890094b1eb19b84fefe7c6c5e4	trazas/C16-r1.jsonl
4e53e6e40aec3ac9a7b1ec54fedb7677b2e2ca85979958104158846d2c0c4b2d	trazas/C16-r2.json
520678228935a05a53d04de535d7ef07d995b8299e054fd1250400ced6017acd	trazas/C16-r2.jsonl
fe1b5654950d0a8301717d4b554d0c3194b582d735ee895e0839e57698944a3f	trazas/C16-r3.json
2cc28916b327b7aea5ccffda1a2faddbb1be20ab140f9ec0f58e36e162590158	trazas/C16-r3.jsonl
7c6ef655a5e8ca4aba4f6783070d589e6a19b832238b725b3ceb64cc39b015c0	trazas/C16-r4.json
dce95df80156d1ddd233c8c338f81c6f8f094c5cb8eb35595af6fbbf4f26aacb	trazas/C16-r4.jsonl
a3f0b0e24729e54423e25298c9a8071753173af3a5540942b9412d5e172869ad	trazas/C16-r5.json
55e4633dcb152ce74efd34cb3997f905bf992c853d5abd230ec04685ca38c391	trazas/C16-r5.jsonl
364979a42e92725756dff48d61cf106729ee4bc4a7b83dbdc7515cb9b097c7aa	trazas/C17-r1.json
783e9cae9bd1b58aa26e2c20864625c4c2c8811a5f987793300e83329214be2e	trazas/C17-r1.jsonl
ddf5bda385ca20d33ee812b04ca4431f766bd14790bd72739e09eabbf66f7b0d	trazas/C17-r2.json
664f391472c30669a44180b8870d98a66720b8fc8dd51d47c585916bb93886ef	trazas/C17-r2.jsonl
6646acd26e9741c16d7c6d3c33921a2873e4b363719cb94ba6f739c94dc9d82f	trazas/C17-r3.json
2f8af1bbc13d61a65034f58afde34735dd67331941b7d878a68014a9a42f98ce	trazas/C17-r3.jsonl
4b950228bbab478c89d2931b5981de6356fac1cac5f570697eecd1942ecd93fb	trazas/C17-r4.json
1fdc8f6a0e114a798b5626803f35e86a8119eb67790352b9f11f1a0e50e00b0c	trazas/C17-r4.jsonl
eb4a936aafc5c2a082ca166e1d00fdbfb8622b8db96b65ccba50ed919f4c9746	trazas/C17-r5.json
a8922953da3ec1a6d10013d0e20a0f9df3ed56f7472ceeaa6f44173123c2c743	trazas/C17-r5.jsonl
96f0c4f0d4fc69421621c070ed076f7a1789fa26bc44d015ba2c0a706435926a	trazas/C18-r1.json
b52b5539a77ddbca4e2b82e4ef1e4f517c189aac94dca89ff7ba38f98abf9ace	trazas/C18-r1.jsonl
bd979710cd753be6ec9aac2d2adf70d8f2ef6aaad86601616582800fa29b0920	trazas/C18-r2.json
71dacd930d0cca35a5be05b3a68fca9078e42133969887f855eaba866de55e9c	trazas/C18-r2.jsonl
1eeefe47a030d9d69518ea597b7c4a90d70f2ec2fd1d7c813bc1089ee9eea310	trazas/C18-r3.json
9511f64327f2225efbfef845515e3936d6419541c0760da4dfbc7aef5034e411	trazas/C18-r3.jsonl
b89419d86082ba8289faf69c113ae5df16d26cae731b827bd573c56fa788bca5	trazas/C18-r4.json
f02e351757005fc912e791bfabfe6fe834c568eea1e7dc81fc1407e97418d937	trazas/C18-r4.jsonl
cb069f02f3f371a14d5bd6a943a070ac4eb54dbe3b847d2b83ec88f9e45bdd10	trazas/C18-r5.json
c351d98eccc041a5d337e351193ceb26f8fcaaa3fa26dfaf6f3b70c937c6ed33	trazas/C18-r5.jsonl
f7a31c51c8489443b3574c4c58bc0b77eac543bcb6fcb05294f19424152019fb	trazas/C20-r1.json
2f260afc3e3a7bd5b60068a824234d772cc4df93d74e2634eafe550b9d2d7a00	trazas/C20-r1.jsonl
f7fe2e073d3d7785fb631a418cbb41e265d4609d75da02e6fd5eb273c604ab65	trazas/C20-r2.json
54631f569cba63b4b0c7d6026d19c287917c8fcb0956d369854edd788f2bac63	trazas/C20-r2.jsonl
ae339b76f4ea8adcfa20f5d4e96c878c39be26f73476bec82b6bb4e27ebfcf18	trazas/C20-r3.json
deb11955bddf1dbe45e7d6ab8259798d72cf9153ad5c8ec89d3d178daf075c20	trazas/C20-r3.jsonl
ea90a0edd30bb527554557cb3775e687d067c62cfa8a5d5bf15e29041d616fbd	trazas/C20-r4.json
27f3d048de994127f9ad90ca7f79f00d42190633d93ee9c8924627c15be4be36	trazas/C20-r4.jsonl
4c9af08264895c693067abc336de091fd32eaf61cdf9b852f0209f908f5098c6	trazas/C20-r5.json
fee36a749c141af82d54d1d0a7d17e9cf2b5c6f2af03a85f568d139008775ea7	trazas/C20-r5.jsonl
37828187f5dbc4d567910cefbea6af3d7595a8fa81fcedf88b1ff76775ad0428	trazas/C21-r1.json
de0f263dfcce1f95233319df7b4561b3162e54fe94a905aa96689f6fe13a4642	trazas/C21-r1.jsonl
7e5bdb1d8df01a82589b444fe6bff1e8cfdeda8c38b44510b9c42b6a36135540	trazas/C21-r2.json
da4c7bf3bc6876b4899e9fbfd5ff1b640c2ff659b2aa4d01095444217f365b5a	trazas/C21-r2.jsonl
e1efd301a02b2b64875083d3614f232962f4b14c591d9994c839480ba09134f5	trazas/C21-r3.json
b60f2e3ec05a63051bb2a67070ee6c08e84010c2fb5e66ca1affd7856e59ce3b	trazas/C21-r3.jsonl
7464f80fcedb1502df74a171cde15c795bd90e0f7ad6c7fc809d8b5c7a1aad98	trazas/C21-r4.json
2e062bd1a062632103bca655bb1ad3bc23279e739230c01b93319a07892bdbde	trazas/C21-r4.jsonl
5a7aba398e9f80ecf1016f665e4f0953d9b3913e1bc85f1c3b0fea804c57bf8a	trazas/C21-r5.json
aa052c973592d98261ddc13959ea5f367e549ebece2ae1596be02926bd71c9e2	trazas/C21-r5.jsonl
0dd53b3f5e570e6baf3491540bcca1e8f04b52950edcfd86fbc5076b16008ad9	trazas/C22-r1.json
e7c03445059d68531b31019d2cda75eb37e256182a7c54281efcef922b82ee55	trazas/C22-r1.jsonl
3b33ee2a7f91db95d8e27aca6a95481fd3a128ca82e4190904ab76a3b1a34487	trazas/C22-r2.json
53a856de25c3be2d3dce65259306dec035e624c5a0f9f70b094eb892a5c10c01	trazas/C22-r2.jsonl
46b76b92e2856df78a0a2a1d063cfd7f8a92492e853cd052459ad90ce3be1483	trazas/C22-r3.json
7973f3be7c8406f74ef9c9b15808f4e96458010e866a0d3c56054bfdd27fe3d4	trazas/C22-r3.jsonl
1085f4afbca2e875d797720a4c03cad889d78bcf1f8d8431000664e671cd6aac	trazas/C22-r4.json
02c47a0f15f10c63998c505f6b59af36614278bc31564932cb52b86ac0a61440	trazas/C22-r4.jsonl
554ed4e2d8ef12a9f0a8413ede70da13691ef73983ca4e6fb9617704bba0250c	trazas/C22-r5.json
f609de6b09799d1b2d44a8a7edc2a5c33e868a5821358a304b4614ff93439636	trazas/C22-r5.jsonl
6e78707f86b8b5635324f62ecfc4974be0efa2d0a02d4fedf689f81342f35447	trazas/C23-r1.json
373df81a186a88825f5f19bca2cf3691f10e203352a47efdecde602bffc31256	trazas/C23-r1.jsonl
0fa41f49f2b1c63a5997568ac34abfb0ae31d79aaa352da8b748bb20e840453f	trazas/C23-r2.json
d1320a599f0fe08624a0ee84e7d4b064d702a106adaa336c73960b404eaa8a68	trazas/C23-r2.jsonl
dca7ce192c3096688497a4dda6296a05204d4c6d39fd144214e27b27ab11207d	trazas/C23-r3.json
3425aaf128858d9749614c733364f51fd107250487e2010d6598a9ffe0418f85	trazas/C23-r3.jsonl
42836f30f917e5a6d1b93ddaf2061e9cd6970dab89c3e9c8459e36301cfccc74	trazas/C23-r4.json
9cc9d19b4fe692f36fa9ffe1f185377a23a4ac7c82881c3cc54872ea29f08369	trazas/C23-r4.jsonl
5ac384fd60a4887275894054ad8a961c36570fe76114eb730e98c2dea363e578	trazas/C23-r5.json
ab9c5e2e7d9d1bebc79e5236dc8a3615f17861ae54019db2256caa3c6bea67a0	trazas/C23-r5.jsonl
fefea883737e1d9099c057b638acb008a05794d7c103f04884a43971d0c2fec4	trazas/C24-r1.json
f1a628a81e427b5bc12e960a7e33d549cb3553bcc9ad6e16c6556cd025f3438b	trazas/C24-r1.jsonl
eeaa8bd1d9ae15e4f596e5b8d08209d8c8ae82b09079386310af305fa7a97581	trazas/C24-r2.json
d6954fc2ff67d622624700109bb9ba1d7d44d5d473a25ec7e1dc88ae8e32cfbb	trazas/C24-r2.jsonl
6f804616f0962d013801eb44b371f126398712d79f299ee28b5eab9e1e85c192	trazas/C24-r3.json
0368450e404ea30e0b665b182cd8c705b6ab29b6d147d70bd6a8ed23ccdfba17	trazas/C24-r3.jsonl
52f146efec05587bf7427af7401ff6bc3c35ec4a90b664847e3d5ee7eb2f9012	trazas/C24-r4.json
b3fa35f4ad1b50884c0e006a0232d975602b57b993c111024f61e4cb06df9f50	trazas/C24-r4.jsonl
90e471e57ac718185f6a0287f3c117a278b39a97ce150d25292a7637c23fcb73	trazas/C24-r5.json
24202deeee3c197503a78d89b8db880439801301177fcc437a9f483e78120b12	trazas/C24-r5.jsonl
da6de9ff912433cdd63e5a6a1bd7ad42d13e36bc0cc8db9cfff30a0c90491ae0	trazas/C25-r1.json
cc37b9bb141a4aadaaac58638cb6e11576e1803ff733d6f8bdfb21f8b961f873	trazas/C25-r1.jsonl
4f36ef146f8c697d51db36f8774d817463d6339c2f4c891fd031eedebb28d28d	trazas/C25-r2.json
dc01830e0c13093c9fa31346a83047fc8cb5e00b980e9dec6e792d6ba72f7a52	trazas/C25-r2.jsonl
ac5d8ffbe63e6102dcba4194913831d0e11a1745ddd513e30599244e88a4ea2e	trazas/C25-r3.json
4c952e0cf47e04384a32374532533befbb73846d8bebfc7e58efe90caa944d64	trazas/C25-r3.jsonl
07a3dba4050cdbe547818e1d9cd3ffde5fcf87fbea8121d0d59471649c641a9a	trazas/C25-r4.json
37812fc4a18bfb31e889f63e3f6db33be9e27e5457aa64308f9d40a8280e087f	trazas/C25-r4.jsonl
95089b2240db1329a68bbe2b771c500c69ac16c51ff0072629fb25509103f2ba	trazas/C25-r5.json
23d8526d763cd40eee62cc49f21443ce3a7e62f93db6749c0b49f51c5ac0e7c2	trazas/C25-r5.jsonl
160e0552db938016bf99a373bcdf43e25562cfc411e6bcf6d671ed1b712500f3	trazas/R02-r1.json
95d930ec9893ede46d891e2dfa82838f9853ad35274d533db8562392ddcbe2e3	trazas/R02-r1.jsonl
96a582e89a6e3ef41186835104ea2d6e7168d5d0c9e003f1b3ef12e50209044d	trazas/R02-r2.json
7cbaeb658c232d2640ef9868fb3ea40655b8cc981426b56a2f1dec5b348c03b5	trazas/R02-r2.jsonl
5d44afe8b1d2a008880fe228754eda78cafb7d30f92648837ae23790117cad12	trazas/R02-r3.json
036465caecd418dfe654917cd7c5e7ae1de4fe7ed4e70d4fc368eb594afaf690	trazas/R02-r3.jsonl
26f54ab4cad63f705e6d075a4f138471daf5990a087367f6d5610438b452d5d9	trazas/R02-r4.json
f9083c7cf6dbfce8e3a389a961620f89bc70a80398bb841a320da01d63329690	trazas/R02-r4.jsonl
c1e456ec773e8a0d682731c344e533f4c8ff5e2f6bcb41512e79fe3847b4c7cc	trazas/R02-r5.json
6b4006cd7ccbf30a3d4e877c3cc0b498a97663c271f5338570a8c35d91998b6e	trazas/R02-r5.jsonl
aa2bb6dbabcc7baa8cdf1b4f6edd55200306a705b10bed76533cee8f8a02c481	trazas/R03-r1.json
25dfedcc556d72bfde6e478211a692e1715d3a35c3a11b45982e9ffec0d2d0b8	trazas/R03-r1.jsonl
88b900a3b9c63dcb400b330cda747e56927ec9b0ac1697478cb68125ac150b33	trazas/R03-r2.json
7c26046ff22c9e6fe9abe7dad7dee1050d77caa60df1cbaeac65e1bb2331dcaf	trazas/R03-r2.jsonl
2a66262318c735f1cd8f9b391aa7e9a06f6d7e4aae3f38eb0fecb7c822b6e405	trazas/R03-r3.json
65144a35519b9ec1926504e57c27c5620c1c3090a9f3bfc60301ea61018b5cb6	trazas/R03-r3.jsonl
63fdab8058965cd5c35289fc8a101c1def54b4e59ffb0ada200e992be08c0947	trazas/R03-r4.json
39e3ef9da10fa1da0dcdbce1c4b0d108c550bd58035cdf8ce21667780353bc48	trazas/R03-r4.jsonl
352040495ac4767c67af185f0e29bf3851a29067c7a8500ea7d3f09585f07c19	trazas/R03-r5.json
f661102ba5a0e02d44561c7e4989bb5c90147be09d5077b8aea8682ee1206cf1	trazas/R03-r5.jsonl
2c2de81e4231491d1897c301fc0846089bededc0b00e9d1736ae6dbc09541b32	trazas/R07-r1.json
2e89cb4ca6438f7d7832705e559c7c3b3f4cc978eb7d7447d5bbfec268364809	trazas/R07-r1.jsonl
ae90130e0b49de0319646d85815a71c39b90c0f5f1c77001caa2e3665653a884	trazas/R07-r2.json
03cd3cc85ed5513ef1dc02937866eaabd2abb59bbd910ab0fe42a4782d4b1d0f	trazas/R07-r2.jsonl
5862c79ab14fe396c97d8280d54ce709fd33d3d18319c6c14415ee3df7d7b2ef	trazas/R07-r3.json
e9acc450d5401ec117c23077540312b9310ae354777e0f72f9ee25f093b5076b	trazas/R07-r3.jsonl
1ee81255e34d88fa8d4df3b9475b5ecf29599510c2601ab7234336389c946156	trazas/R07-r4.json
db189d4d618e6beacf393db4cd83e607f9c8c0681b694f77cb1c99b194d56d3a	trazas/R07-r4.jsonl
e54f0a88412999e49ea38a235233ef89d5b7dbe882a5c54585627ecf795d858f	trazas/R07-r5.json
6b4abd087f2cc2f394c8c6b517380bd0e15124db356e4e58786e0c2f007be56d	trazas/R07-r5.jsonl
