pagina,validas,niveles,triggers,modas,fraccion_en_moda,rango_ordinal,triggers_distintos,evidencia_insuficiente,Q_verdadero
C02,5,0|0|0|0|0,lista_plana|lista_plana|lista_plana|lista_plana|lista_plana,0,1,0,1,5,0
C03,5,2|2|2|2|2,J_inicio|J_inicio|J_inicio|J_inicio|J_inicio,2,1,0,1,0,0
C04,5,0|0|0|0|0,lista_plana|lista_plana|lista_plana|lista_plana|lista_plana,0,1,0,1,0,0
C06,5,0|0|0|0|0,lista_plana|lista_plana|lista_plana|lista_plana|lista_plana,0,1,0,1,5,0
C07,5,1|1|1|1|1,lista_plana|lista_plana|J_inicio|lista_plana|lista_plana,1,1,0,2,5,0
C09,5,0|0|0|0|0,lista_plana|lista_plana|lista_plana|lista_plana|lista_plana,0,1,0,1,5,0
C10,5,3|3|3|3|3,J_inicio|J_inicio|J_inicio|J_inicio|J_inicio,3,1,0,1,5,0
C11,5,2|2|2|0|2,J_inicio|J_inicio|J_inicio|lista_plana|J_inicio,2,0.8,2,2,0,0
C12,5,3|3|3|3|3,J_inicio|J_inicio|J_inicio|J_inicio|J_inicio,3,1,0,1,5,0
C13,5,3|3|3|3|3,J_inicio|J_inicio|J_inicio|J_inicio|J_inicio,3,1,0,1,0,0
C14,5,0|0|0|0|0,lista_plana|lista_plana|lista_plana|lista_plana|lista_plana,0,1,0,1,0,0
C15,5,1|1|1|1|1,lista_plana|lista_plana|lista_plana|lista_plana|lista_plana,1,1,0,1,5,0
C16,5,4|4|4|4|4,J_inicio|J_inicio|J_inicio|J_inicio|J_inicio,4,1,0,1,0,0
C17,5,0|0|0|0|0,lista_plana|lista_plana|lista_plana|lista_plana|lista_plana,0,1,0,1,3,0
C18,5,3|3|3|3|3,J_inicio|J_inicio|J_inicio|J_inicio|J_inicio,3,1,0,1,5,0
C20,5,3|3|3|3|3,J_inicio|J_inicio|J_inicio|J_inicio|J_inicio,3,1,0,1,0,0
C21,5,0|0|0|0|0,lista_plana|lista_plana|lista_plana|lista_plana|lista_plana,0,1,0,1,5,0
C22,5,0|0|0|0|0,lista_plana|lista_plana|lista_plana|lista_plana|lista_plana,0,1,0,1,0,0
C23,5,0|0|0|0|0,lista_plana|lista_plana|lista_plana|lista_plana|lista_plana,0,1,0,1,5,0
C24,5,0|0|0|0|0,lista_plana|lista_plana|lista_plana|lista_plana|lista_plana,0,1,0,1,0,0
C25,5,1|1|1|1|1,lista_plana|lista_plana|lista_plana|lista_plana|lista_plana,1,1,0,1,0,0
R02,5,||||,||||,,1,,1,5,0
R03,5,1|0|0|0|0,lista_plana|lista_plana|lista_plana|lista_plana|lista_plana,0,0.8,1,1,5,0
R07,5,1|1|1|1|1,lista_plana|lista_plana|lista_plana|lista_plana|lista_plana,1,1,0,1,0,0
