7eb67ebd6f9efc6c5a7f4200d2a0649eabbf493d8ecbb43872427781cf71b968	ESCALA.md
1bb04ee68e0f620f437a5cb8844c7292f69c621ecb3d025026c6c4f9768b5d13	QA-INTEGRIDAD.json
716e2be320b14b8112da231a4613991b65e7fd8f147aa67ea1f6db20bcbf34ab	RUBRICA.md
83e555262fc63cb96018b98798073b235df11a4e78ef1fbd2ad54261ec640226	VERIFICACION-MEDICION.json
5a5a6d4adef49338873d53f5a072c10d3bb45018111a9c0495cbefc0ef5646c9	entradas/C02.json
c23139e24540b390a214c4c3d39dbd9143a308ca6e7cdf13ae4f73256a81aa05	entradas/C03.json
9b4029d8668491f692992d5d0c7d4b259785e6146fba5e4a00122d648f4b407c	entradas/C04.json
10edc265e6cd163fdbe9a4e2369b76fb3e62fc6034304c315aa1ba8421c2b132	entradas/C06.json
f09ff04e23a9343680bd4a2cf97d8f83226f0d1f67d6b5dffc93ba0176ee1982	entradas/C07.json
3dd1485a05eeab36a2b9c726e61ce27b9e4f27735db5f4cbe2ec8acfdcfc49b1	entradas/C09.json
79bd9c09cdf0570fa5b710ff27ef6313ec13edae49f78bfa8aafd539c09a42a8	entradas/C10.json
4460853640825253585554ee8a4bf0ecb2bea5cb22377dfc1a7b2a9e97abdfef	entradas/C11.json
9dd0d072a0bf4fb264b12f2e4111aabe432743892b8c1968e86d7c7132abf554	entradas/C12.json
de402fa40e9275a77fc6a4f8edc7bfcd1f8b554b3a61cd582d44075d6ef4e3d8	entradas/C13.json
e0dfb246cbbf04c6f28826324283c3805fe77bb1e6769857351eac2e491e9b92	entradas/C14.json
a7ce6ec30463f3e566be310de3010d5a4aa1359ff8443ca9b2826d1896f377bf	entradas/C15.json
1a4b2faddd5ebc09e5d151b513cf5735f2b2694976a361925035eda2c5006fc0	entradas/C16.json
8079a075ddb24060699f830f5017c479cbc1e504e2d0cf2475463451ad16ace9	entradas/C17.json
22a89550610e7f60183ddd1ec65cd10906ded3eb9c31be20fd51db700d707a59	entradas/C18.json
452dd4892560542d0e8f94c89163fa510d4070a9bbba913a55fe2fbd70374e9c	entradas/C20.json
4e758786802c2da51e90442ab79b35d6f18e87a1fb158279893b05cc34626457	entradas/C21.json
a8603b716e6bab48eae9a36eed3a835b38902d59f9b7dad60650d512e4e55e25	entradas/C22.json
7f0ae240f2477fe091c6ea22e16df3c3ab0293526e57838c584532acf3a7333e	entradas/C23.json
058ebb81b59258fbe1f64f5935327a045c5189196e07f9cdc46b9b532a8bf25b	entradas/C24.json
184b1e1ccdd7c884d383b6e6ded512b71cefc722ebfe71c2c70d832153f89ea5	entradas/C25.json
1a6003a2710612f17bc768545ae67519a79f2a3dc31b6dfc6af15583fdf4df68	entradas/R02.json
c02b126abf7ee64f22bdbaf39ab383b0991992f4fb923f9c24ac6ede2d563632	entradas/R03.json
5d8865910062e35217ef193bb2fc36c3ba1215897da992eafbe23e7614f5cfdb	entradas/R07.json
9ab53b195776787b1cb7a05e50afaeb36f4b24498b9f099648e543cd56a62a66	manifiesto.json
b19dc04a9b348828affcbbec38fdbff7bd4dd4e53449130fbd269b51eae88d06	prompts/C02.md
e32db5cb7fbc076d31521685ae228009bf1f75ad5d2fde657de952c42c498982	prompts/C03.md
c8341fc24cb9b671fffb68c893447b8f3206a59580390d16f44eb0fd52ee5b2e	prompts/C04.md
236d539ba67e308d84aa96af53f960850ab4dbccc955cff3a1e0ff5ade9c8c8d	prompts/C06.md
4d349105cdfb2c9f0f9e882da9f5013597faff4eafd76dd1594d239c34bbd532	prompts/C07.md
048af697105472ecbc31c386d677dae3e5fcab04c74c8337ca603ff8967f0635	prompts/C09.md
9f05622c8010382a3eca1ae3891df328173cd9952fd00b4a230d940e47ed9d17	prompts/C10.md
e52606d362fd3947fd3555ac5960444c788b0d6349bb33a49c9b028adf949edc	prompts/C11.md
1957999dfee7b8de5ef102ac68d1a846f2120095174e44e8586eb667c9e6a34e	prompts/C12.md
237b7f43711f1738c1f946cdf1dc81288f1003813187c82f08c3efd8956a2b3a	prompts/C13.md
5d094884a440b1afdf4c0f17da4b2918df80f5e41821b7a6dd08fc193d41ebdd	prompts/C14.md
8a0f412e6df28d00ebb8615188597225576bbc89b0c7f3a861e15f7b00efd269	prompts/C15.md
ba4a4586bb7e32fc7ffeb73e5103f49fd40740aaddce4eda0ca00febdfdacc3b	prompts/C16.md
ec947078eec0de8a554eda71e0124bb754e6ec73029eb44c042c8d9ff9958a43	prompts/C17.md
d5d319ea8ec0f89a6318ba98c14673f9f2bb5657772aeeab6482a3f5fca43d7e	prompts/C18.md
fba49dc9f70f2fc560ab719213f04a3ce9feca667791f9d009e63591efdcb8fb	prompts/C20.md
f93a1613955ea11efae9bd4c5b225d47461dedb9affbce210fa0f9bfcbfbc873	prompts/C21.md
61aa93b4356b6d67ef00827b57d27b211506f693adf87bc309d5eef2a04b3022	prompts/C22.md
317ba708f8c3ee0397985d1a3a3d0f14c2c3b3d934f0c84a4bfb0a5af61e3d00	prompts/C23.md
4463d4779dc9bf59782b00ad00b3fa03388bc889eb42ab199b4c94962800ff64	prompts/C24.md
bf5c9c3cc1172cc95062a1f6dcdc28e3b2801f34f5fc531f2b63c63bfcf07818	prompts/C25.md
410f9032de6d6ca5dd7c9b25f2d9232830c7410a010305f77f122094fd8286c9	prompts/R02.md
819d9991d1ae1cbcee98793c39ad6eda7c5ca9b3ea5e5c036f0b6cb1c517373c	prompts/R03.md
e7cf0f34a9fd34a8b283fa494b62f1d9fe5a1c6a2012a285b5942d1d46e25af0	prompts/R07.md
7309a954af9a1cc91728ccf8d6e4a119dd04c53485e628852ab10b598c90ac32	response.schema.json
0944e46fc754f7054b22094b977fb2c5de0753556f4fb677f06d51c0bec44992	respuestas/C02-r1.json
438cf7baa94107b22aad23f9dbb1817989d338d642ab478c06e46d25374515d8	respuestas/C02-r2.json
5b975b95a154f86078ab663446e02b058cabe39a0fe83bff8a784df0668b6f13	respuestas/C02-r3.json
23e42b0c56dccb881d815b636213ba11ee5bbd1d3b12f20d061dd26328cd8655	respuestas/C02-r4.json
efda9fd74ccd32fa0bbc99ef54282d4698875561fc2467726ce2aa08895179d8	respuestas/C02-r5.json
bea9732c3e995e0835c4639ba0e2da7029b447d721a277a5706339a72f7b31c1	respuestas/C03-r1.json
6a58395149cb8eed248b19a5790d40df52f8ec660202f365fd50c0de5c0824de	respuestas/C03-r2.json
746abacab0f2ae80180f2592cb93f8eebedd5c2a64d1dbd3edf93e58b68c8b7f	respuestas/C03-r3.json
d967d27e2f8cfe541234a92cd707525810f4714761b70c2b880f7d80a4ec9b92	respuestas/C03-r4.json
75e97532b431a90a78335579672a37807b57ca6078956387f1fc19526a6995c3	respuestas/C03-r5.json
e63758fea399c3d8106fd1468f8300399ac76602c7d6983ecb8f6431655c3de8	respuestas/C04-r1.json
f1ed5abbd5cad00b930004b4f61c8bd4cfc533f16038e9f77f79aa6b534a0a62	respuestas/C04-r2.json
3fdcf4f5d10e4bf2c1c7c61fe8013dc730e5e3a38a116fb17cd44ec53164c402	respuestas/C04-r3.json
938abddd8840e05cc52363bf0dd7139736a48a468e412694627eb30f3c501875	respuestas/C04-r4.json
3ff5c07449c9a0c6a8e26e42f6722bd6a393784f08704e9baee831f17c5e991f	respuestas/C04-r5.json
8eb764707c20e8a32b1f2ce1b61f03dd8d547ca83a1be4c65aa1e76af4076b9b	respuestas/C06-r1.json
d5e3dcd4f59836af3a244848c4548e208ff5fb8570000ce86da8280a622b074d	respuestas/C06-r2.json
61be3e778935a7fc61ca257aaaace06701d0c0a7178eb435aea71a34603ce65e	respuestas/C06-r3.json
8d0b78dc2b401415a7792320ed383ff554b1e5b3df51246221ffc9c8f7df9634	respuestas/C06-r4.json
e5b06dedeea857b044cd08f4475dd01a59ca6376cf6f11bccd849e242dd0eb75	respuestas/C06-r5.json
d60ba1a96f0783e66885b68b9be0a8449c41e72917338cea7b7fe6713ad4aa66	respuestas/C07-r1.json
04cc81acdc17d10c7d00d59ccc8796aacf1d1aa71b1d7c5d2d672c24a4ca7bb2	respuestas/C07-r2.json
74d183702d2087a707060e59570a5d1a93b86e392acc122368acd58c79998ba2	respuestas/C07-r3.json
62ab271eac38f834610f6fdd68a0cf123010e2d5cb239b8a22f47742d5d33546	respuestas/C07-r4.json
4580361838040966d66e887e27d42c9334485b6e06ec008a8cb5ab79517d13aa	respuestas/C07-r5.json
098ea5087bb24aabb4254e9bdcffb70eef1a414b86266a9ffa6f65befe14f632	respuestas/C09-r1.json
69bab91d238c986c318cf0615114a48d83430522398536d047fd5f1950b93ba3	respuestas/C09-r2.json
eff212aec027315d458173a227318f67f5c4f88735ffed847378e1e8d358d51e	respuestas/C09-r3.json
25302791de62b210cd37258eec828a1268e7888c79c8c55c9dbd2cd47d2496b0	respuestas/C09-r4.json
7e8ccdb0fdf09bdb4c6d0bacb98efcefb3af10bad05398b1d968192f6af4eeb0	respuestas/C09-r5.json
9b05982e20cf7443be79414e8cdb397bc85275d05d1aa96a856230024114e745	respuestas/C10-r1.json
7faaafd290ee96385e1b75d7d13dd0aff441b8da0a0414cb66fc4b8021ecd961	respuestas/C10-r2.json
e6d82e7a6d401d553a83857d74c3015be0373342202464dabbe55201d99493c7	respuestas/C10-r3.json
d65bad8175ad16816e2dea06ad251d0ce6fc4e9a93007e504c72fb61cf2dcb0e	respuestas/C10-r4.json
769680b4247c327aa59ccc3282404cadf77f2a8436a6cc54e8314210f0453c8c	respuestas/C10-r5.json
dcc07a90caf4c0f2ce664876ffc1b4a254ecb2bfa80706e7358ad4dcc7440cdd	respuestas/C11-r1.json
f4faeb74f6436c413dcdb6c39da0bb4cc10101c7764d75d1a287eaf6beb97e0b	respuestas/C11-r2.json
9ebf7dd0085bca5addf0bd1826da41d0e1376ca51571f13a09cd1b9383e7b176	respuestas/C11-r3.json
33d31cb826f73a2242a243f6ff7eed56e91fd38bc533e9a2f366196d8c6844cc	respuestas/C11-r4.json
917c9ec3754ac6b9d53ba9fde83480d5459d4f4ddae1f42d4470cc02a41a8017	respuestas/C11-r5.json
f5732c2263b6ab5540673ab655490fbe1e673b6d949bdeae54d8e79635840275	respuestas/C12-r1.json
06964bef19f2b154935f658d4b256a7330bfc933a9c79767cf007e17c0c98535	respuestas/C12-r2.json
bcdd6576562ff5dce01c7f9f655a570ad08e88253c9d74c1663011a59e1e77ee	respuestas/C12-r3.json
d62c16c5da99088b72fe77b85571f45c76be73c32b3a59b98d89dab07c055dae	respuestas/C12-r4.json
e5a61099c5acefdd059fa7a9524cf7b3eb47ef10e3aa889d63ffee5d58999035	respuestas/C12-r5.json
ba169096f8baef2d81581a5ce596fcb377be899040cb0bdaba0df045378aba51	respuestas/C13-r1.json
c6c83fbaa8387798668c1cfe76348a65729d3c7ee3b29ba52869dd7304f46918	respuestas/C13-r2.json
056c45c55c25172bd248f80706bdc44abb7ee8a858b99902a366f50d6e7e2a55	respuestas/C13-r3.json
eb391aca8aabb59f1ed9b7f06d831486d0376961d8694e24f4ee836330624d7c	respuestas/C13-r4.json
acdee341c01ba4cd1ca20e08ca835b0f93c296931e6a1741336dcd2604d88d7a	respuestas/C13-r5.json
685e8e556c347f5a900f07e54112c13275f876f723644443c40e9038c07827c8	respuestas/C14-r1.json
7598af23c0fcd0ac29f583493e43d56f867774cf65cc335f71526b19bc2ea8ef	respuestas/C14-r2.json
b3c40a29fa3928c615fcdf167c7ed79bb8d450177e72cea47e80f1746190a0b8	respuestas/C14-r3.json
82d8b917a25e2e75c00623fa0e3b41a3cafc27419e976690bd018f3408b27819	respuestas/C14-r4.json
f47dbb45933bc3f5ecc1680d20ac420673ae6890694122c04ed17fc66f0c77fb	respuestas/C14-r5.json
2e6b130a19a406d62e3c861c631312f5ec4a6e94360e2750843a82313ac80e31	respuestas/C15-r1.json
e220e69efc3ee8bbc61bfbf48421a30e83f92f71d97c6319efe2a8e47d0de4da	respuestas/C15-r2.json
0891af7e1fef41d40581e55dafe65e883b6c104b4e2d6891d92db57803522d91	respuestas/C15-r3.json
cfebe50eb020b19f4d52cf781b787d6938951cedfde9a4c30b8d5e8811f3e062	respuestas/C15-r4.json
6fcdcee575ec579484c7becf820a56bcabbbd2ae6f2299f908f2f3a1eaf633d1	respuestas/C15-r5.json
7169732424ed68ffd70f3ecd8dc9e547636f59766aac05845b530d7ea2042188	respuestas/C16-r1.json
b5919978d2c361f28d0ac73d671ca39fba711e01413db32ec8fafa665c4917d6	respuestas/C16-r2.json
3859685ea3db68168be38cb882f7263e672f39f68d52a313e2ff0f19e5d4b584	respuestas/C16-r3.json
bef85261b4a67b1df6ddcd5f33d6da295b1b7b6da2790d613264b2042bc1bb45	respuestas/C16-r4.json
a05df710213d142b70da17605e7c1e10be3c72041fe7a6d39fb0b86f2abe05e9	respuestas/C16-r5.json
6f00125ad4f507750dd58d6092c00f1aace83e3a4a9c5892042a8f89b69ec511	respuestas/C17-r1.json
5a96168d671a70a47203f2e12720674967732d27fed5f4e998815c7e3c644d99	respuestas/C17-r2.json
52af913f47f6f8bd3e4b1a60a5ec3b8a114c11ca5c760f6f228d28c868a933f3	respuestas/C17-r3.json
f7fd7796192f238d841970ec0075e5ad64a11f8b62427f1be3df23143e5899ed	respuestas/C17-r4.json
cb983b3fb029c21f86dd667ec59340473f965ce5a40c6723a38b1ed0635c1cc1	respuestas/C17-r5.json
4976451d2ae66a4bfe834cdb91901cb3e3f22230e56fda1c524fee4adb20b1a6	respuestas/C18-r1.json
6842e9eaf21a9688dfe511ef7b3fb2a7375e244d4ac70a3ecdcac59f50f6bc85	respuestas/C18-r2.json
0019ec5ab47958982eb7f35000015dd7dbe2faaaf596f4455b166cb322df2d34	respuestas/C18-r3.json
02e1a057ef73402b09c63b6d92e6411c3a873d391d32e736f5279c1c810afc3d	respuestas/C18-r4.json
f5fd96b8daba2b464283e55d2009e366e3a00dfe901701fa36da0701b447cc6b	respuestas/C18-r5.json
c2a88246d7708d0cf0ef2be547ffa0d5c18c539c5393422caaca56582abf850d	respuestas/C20-r1.json
e1a618deb3415e679842daec86f32d8aa5a3e0ec43aa8a48e5be409c3fd7e72a	respuestas/C20-r2.json
7cdc167937e815090c305817c753c08106d215560c565dfc6381cf6bc6fe753e	respuestas/C20-r3.json
4055540309144b8640a029ac5aaf9153a12ae533d4adb64f3b17568c80859764	respuestas/C20-r4.json
47ccb41f1b1709371cd30f964ca81e70733d241d40641ce11cc6f6be1fa88255	respuestas/C20-r5.json
6291764cda7b58047242f05a4a4741a4bf3e63702e109e9c3b4f0c7e7683fc59	respuestas/C21-r1.json
3e1675332c8442c8b3561cb0a86a01b0890a80ad006107d0cd216e3c95eb090e	respuestas/C21-r2.json
6326155aa0b096164b2636b6683815f3bcbc42b6ff5f7c2517ed01d9d4b34e55	respuestas/C21-r3.json
8f3f3b8c15fb7f87478464b1a66f1938ee5e46c6ab03f742bf59b76149c7544e	respuestas/C21-r4.json
fc32aab21c4ff6cc9494887ec8a5540320429a25c7ebb6ce75c8e4346a2dbf6b	respuestas/C21-r5.json
b6b42cc13908f79ad54be9029aadc8e4a45713ba7f8b5a306abc244a847ed032	respuestas/C22-r1.json
335a509cc04bee4d7ec1dc1f39c9dd9e5ba9879b53cefdf8f772c3f83810be96	respuestas/C22-r2.json
19140e9bb23a924ab2ae2a6ef8dab502280fbe0ef7adb276517842e4ab567be4	respuestas/C22-r3.json
6f967a89f905043374bc0659543b47c3d86bffb8f3059c951362ef1a5e2c300c	respuestas/C22-r4.json
ed8d625f458493ac1ee47168b9e258c135f88263520f0dfbccf150f8d6a18c52	respuestas/C22-r5.json
9a32fc0dede5894dcc9f52ac13ce25308c8a0f4d8739a3b0fff8ffd36dc7afc0	respuestas/C23-r1.json
43f40c257f1cc38f0ee7640f6b7199b23c40d43f9798b93401e562a650f47036	respuestas/C23-r2.json
abd7cbf7625b1d0f1795b32c2a10076e5e6810f3eadb8b059bd5af55510e7d77	respuestas/C23-r3.json
5a132974be9e1f66a861da35d26773381f8c42d48fe227dfa88cdae06084d335	respuestas/C23-r4.json
7c6d447a36f1c65436cf774b32d186e5050dc9276abee9dcad96720047418358	respuestas/C23-r5.json
ef796335326606442b5b3705f03185818e1bffb69de47e37b6a973c0eb92ce45	respuestas/C24-r1.json
63b07f13b4e9ff14a82c517007031ee81420c4edf6e4b59078dee5708420aa9a	respuestas/C24-r2.json
b1d62ae9b6cb5fc4ad64a13ba40306a3bc4c5ffcc8c6d82ded7708f818812da4	respuestas/C24-r3.json
b566769d839f8bb53062be0a0b784a6f58d14e25919acbd8e79facfe67470a9d	respuestas/C24-r4.json
c479e420d8e3b667e90f19201cc7ec1492489e72061beda329951bea6e222122	respuestas/C24-r5.json
8aa0caa1a53e3bc13ff7ab59b81a536a565d16096aa51e303242f989df21c84b	respuestas/C25-r1.json
5f0b6863adcf7e439a39cd5874c948de5ab3e7b9be4d3717d3f4d283ba145248	respuestas/C25-r2.json
accf198e350c7459dfcd98efe1f8cb584a2c60077055087f426bd0ee40cc6c62	respuestas/C25-r3.json
baf7f46228ffa6cb775335d25b3eabb905450c84e9fffad6f2d5ff70b6c646f5	respuestas/C25-r4.json
8df96b729d27551dd6ee921c80170fc085444fb01861d681c309a29f3d1417c1	respuestas/C25-r5.json
d6cdb4ac23c4b89906a9def619ae031f6ff083311109ed08f8749ebdd52a38b6	respuestas/R02-r1.json
f1467fd8e7a20b45ba351283d9c71122b69ff05cfe1d407c79c93051bb4588a3	respuestas/R02-r2.json
289ce944b236474592987a1c7ba5209e5572cceccb0025fc132835ac16041b34	respuestas/R02-r3.json
e2085c5e6700cde8a5603a88bc8591958f09da1c49bdba231b7a7798a942cade	respuestas/R02-r4.json
a5e2d7fc16fa1051ada6380cf7c0c9e80428751a68dcaa08257fd8ea40188c5c	respuestas/R02-r5.json
25a1f3253fdbd9deea27a8f02ec0e35fd147d9ac8e46c5fd25844f258c817f3a	respuestas/R03-r1.json
f2f02cbb552d1ca322d62a484d89b48830eaa03b896040f29ff80547e531ea9f	respuestas/R03-r2.json
7762cc09caa3b05960df7eac75a5b4c313e8422efbb7ad3466cdadc3fbfc283a	respuestas/R03-r3.json
6d9f4d18155e22ec0ec26c5fb473307691ca01799ecc5aee5b73199790a377e3	respuestas/R03-r4.json
b2e71d3d4a5677473a010964d38fb0e0625ff58181183cab497be17bae50e452	respuestas/R03-r5.json
dd888b558529de2963763f21870c31cacccb3b0c30302854c2d36701b4e6a52d	respuestas/R07-r1.json
b98244382f44e1bfe580e734c7ebfff56cd4d7f39f14b020cb20470ee5495bd5	respuestas/R07-r2.json
3d5ce2c816076a0cc7dcb1f04fdcbde0623ba65fa56e73a544ccc2a7022caa47	respuestas/R07-r3.json
307ef3585c67e41268a745ae78b639cb13c662de70061afc661ad80b13d4ae57	respuestas/R07-r4.json
49ead28a454f86544476e45eba30982ae6b2e7d4ee038575f9afddfd18574449	respuestas/R07-r5.json
dda6ef48eb8c68b06d40763b6bd86bf161dd3e614588f24cb8e5d6ba9ba170ea	resultados/C02-r1.json
182c898a568e3706729f6ed8069fd47080a896bedf93cd5b0d8b16053aa63f57	resultados/C02-r2.json
78689b08cb7ca5cf30085e9e53eb454654b38878ea5084d4163d5588aed94cb9	resultados/C02-r3.json
f0c99c279c9203dca9a36fb7ac5282b756e6d063db11ec45bd0acafac0a69f1e	resultados/C02-r4.json
7b38a4db4cbbfc35bde4441354107d93a2e7add9cfe061e21d97a8808488d228	resultados/C02-r5.json
5608671dffabc98f9c5ff51234bec750f6e905d20be52e9db2b254a9799467e0	resultados/C03-r1.json
c0c8f71e4a5ee4d6f613306b00188caceca1fd7ad8ad3827ad6e73f98a1c1379	resultados/C03-r2.json
a14ab95f4a12f7a9ba90c16ecf75b512cfab2c757f3e49ad49cf021d776cb544	resultados/C03-r3.json
e9cf8c9213d44fdf549c3f6100bb627899c52556ca401d73bbe5eafa95b59b42	resultados/C03-r4.json
ef415c83f428b46e5d4726cace40e578ea6d4ea060c0d2a55b9fa87c305ecec7	resultados/C03-r5.json
0ad45f141f4692686c89c96b2c5203da341958c6af236c4de76087edf62944c2	resultados/C04-r1.json
c8157ef03f4f3832c913342db1d7455e6488ad94459a7b5d3a12cc454d41b630	resultados/C04-r2.json
35784a4ae61d4b25ea15795540206084281dc649cd67b47ad1265ef220860c4e	resultados/C04-r3.json
21b8dbcab77286f9291628c50eca55d598535b7a0fc3cd54b7adab504d33d568	resultados/C04-r4.json
357c153bd2262da8a6ec8dfe803641b3b2e885a95d1c2bfa32f5ca8e352119b5	resultados/C04-r5.json
0eaec945c2be2d1956cb3991adc7af235586e58efa3ae931d7da26f18427192c	resultados/C06-r1.json
47f7b075cfbd78cdf67590e7e9d4c5e525077bc30cf2e76758386b3fb992fdca	resultados/C06-r2.json
49110ee318fff5090362cba16952cf88a8495e8b39b97d036d4a2956a925c731	resultados/C06-r3.json
ef0224c78514b5cbb2542a9b1f62edbef8a84ea803e96bc9a52005ee0772780a	resultados/C06-r4.json
5135196f3afc8205e567f0bba01a6592e2f8b1d1776efefb6f3cb9c201825430	resultados/C06-r5.json
cb2e19902fe188d832607d2507a9185b2ee1ffdf8aa3678c342ce6996a843a10	resultados/C07-r1.json
19015b344406d8445da993eb3410a69b54c1791d89ce2ff24d4766f6e42eefde	resultados/C07-r2.json
497d215c01d029011e953d8a1c1f855f7b057d7241d456b5ea81590900e21e9d	resultados/C07-r3.json
f34f472f9ce2e5be129e248a07dcfe68f62c9cc78c2079d31845df318b1f4d88	resultados/C07-r4.json
d2fa8c185ccbc59b3dd80126278fa275caf0f15f5f5cbf4fcd9fda4669150c0f	resultados/C07-r5.json
bef79244c3b301632ed49c19f23e332094316ad4d19233ae01766cae3e486653	resultados/C09-r1.json
032a2ce7b173448076e832f92b338bd469f6047c066487fa507c2cc9a362610c	resultados/C09-r2.json
74443e44ff8d5ddc0a08985c5e70d34343eef86942589f978bb0a1cf67029bd3	resultados/C09-r3.json
15a9bfddffb7f822e648b6abd99ab80af4785d50833e3a3978fa8ce3f3031694	resultados/C09-r4.json
d0fdf2e05fbe12286612a5effcc3441c9da7e8c4d70650ddf2a4678abb835289	resultados/C09-r5.json
398f6848a740bf92010b867099fd3ecdbd450775c7ae1911aeefcfc9868c0aea	resultados/C10-r1.json
733949ff1fc655902869f914c337f65aa1e2d03ce574d8a02e1951708d7e8565	resultados/C10-r2.json
acded18337fcf6d12faa76fceac9c59f95a02664b9b2693a7f4d5f492db4e4f9	resultados/C10-r3.json
ede8b97e2ae01dfab44d5826d863ef67936bfe6ec6603914c9c6269aacab92f4	resultados/C10-r4.json
c7295afa3f568c659c63d07a6b6b5d90fd76c51c1c7fb8bcf5c669c35d73681f	resultados/C10-r5.json
8ac4f4f473ba036b1b406ab491a3e5477fde5463765b81d0c9535208d4482082	resultados/C11-r1.json
fc0dcb3ce33275aa131a076bf4a1ec8938d20b995197a9feebd577481e844bd5	resultados/C11-r2.json
e4f9d75d0234acec36bd7c41a8ba3189eb8566f6050bdd1de6df616dc5bae376	resultados/C11-r3.json
7a7630fef92f9240bb7fa1b71315f2fce2b09d79fd762258c87e70c759b6fbfc	resultados/C11-r4.json
1915795a9f83aa826d47b193f1f1fd9a646f0ace5befdc3ae5e48aad6609e3f9	resultados/C11-r5.json
8581661c6cb63745d4676cf634ea66bd1535afc322950a38f9d7ecd70d86ad34	resultados/C12-r1.json
380b977598249ede9242664039578d0a2d23f2d765e14bf85c2c5cbae230915e	resultados/C12-r2.json
e5b8b9cd3b1fedd00f6414f6b23ab74ad37e5d4075e74d5243d0a038f08f7b00	resultados/C12-r3.json
d6ba5cca219595937b6d5db82d64a2acef4212337ced4a7eeb19eab59965c604	resultados/C12-r4.json
2af49f8aa45c78ad897e80f7aef2b2795af9b4282465c93af850b923a58684d0	resultados/C12-r5.json
34dc9cc8dcd3166b8bda92d7aa3037c5ad08b735a1bbcd926b2884490c4e13e1	resultados/C13-r1.json
abd95383cb7768fc9b0fbaec1313968aee04be10cd88b51aa51fd0667f53692b	resultados/C13-r2.json
47154b989f9ce26fec8d4382fd6ef7ec7d5ea93d590a664f00ae928369bf2d34	resultados/C13-r3.json
af687dc16339adbe65c90f24015a1a96ef000bd505ec89c2af3f57f343841ad6	resultados/C13-r4.json
af005f48051758e537360f73f37e6138ee0f6e1b071b0d6525ad61d6e738569b	resultados/C13-r5.json
5c4ca4b56eb3275f58d1916f6f0f0bb8c9186237dfd36ea3a3756a9cb14fb5de	resultados/C14-r1.json
25009e678040dca5b2e4a61932a8508127ea8d86feec0b3857201887ec61f93d	resultados/C14-r2.json
6b9022b457e1f75eb3348526648ab8e5fb3540b56e3dc6354068f09755dadcda	resultados/C14-r3.json
e0cfdf28c46731bf8ddbb8fab376052e7a2bdbf49a4fd5f2441c785a850a4d5a	resultados/C14-r4.json
a9d93aa5480ec4746c61f943f0c6b69ec2b9dca583d17f790be2ee31a4073efd	resultados/C14-r5.json
3a451d8a062b9a2be2fd967f5217f047d3b990d6d99b00e270ff3be06450ad58	resultados/C15-r1.json
bea5141ac52fe3fc388f559c24f29ed28e757044dc85127dc58df7044409d4a9	resultados/C15-r2.json
1a019b0af9e364e39a46e4d61aaca2bfbee0c36d329e606edbdc75b41880f587	resultados/C15-r3.json
477b0e0741d3344e0e2740b750739753207b413e20d965a1037e9797b72347ce	resultados/C15-r4.json
486a53af0acf9191a86f80b4c64e9a1a16c84ed78f5cfb25e36e7aa279eb55e4	resultados/C15-r5.json
8cc7de9dc51bb9d3d9d678f8c9c2932de8defdaaa91295d49360469bb671017b	resultados/C16-r1.json
4a63b92f780092675da3c28b5735ced591ad4c43bbae47ed387a0aae79b223d7	resultados/C16-r2.json
318dd47639f4f2ee525bb6638ed24c9d18c2d08e1f7d7db56bc76d58eb31a4e0	resultados/C16-r3.json
3a0df7951a09c4d8f128447d7f788dba401a3428c16b1de94ac204d8c31f8fa4	resultados/C16-r4.json
268b226efb53064f05d34ff78e44220882e009e43b445240add65c7dcede1453	resultados/C16-r5.json
27336c26e840143b1257d578ebe4847330557f0bca253dd6edd452b21f149104	resultados/C17-r1.json
631df19d72a3bbdcbc7910b33b0a8efb0e85e1551593ff76b75569ed1ba4722a	resultados/C17-r2.json
d7a2d1e1f951f5cf18345fc2e65067d2b30f1fa5dc06a2edd80910094acc62a1	resultados/C17-r3.json
5b77f9de62ebb9c86037ba128b47de8d8e17f235920e19969bd0e4e87033467c	resultados/C17-r4.json
231045ff48de479c779971fdeacda70c6b1de5acb187457ec2ba43b40ebe3672	resultados/C17-r5.json
4dc6dc2b4140c416c209d8c18e4c9c6f9469355ad5a8e5947a4e375377de54d9	resultados/C18-r1.json
86fa9be033e4cc373c9f1d4a99d05122068b074d65b390e621f9764d5bf19e49	resultados/C18-r2.json
f37a06d6730a9ab9787eb2165c7a57ab4d2fdd06e1869c6b7b2cd2e1330e57d0	resultados/C18-r3.json
de4801cf915532ba77b8b974ff4b12efa280ccd64768bd52d3af1f8fa0c7d01b	resultados/C18-r4.json
6056b44ad630d240305e693a8ebdd1354dc587a497c5f06a66ad434f9b533526	resultados/C18-r5.json
a50a7cf698ee446603783a9dc9e99932c704f46382dd570d3df14ad90294b241	resultados/C20-r1.json
41ea65252d9379474b19d0f70b7b3b6734712e8f97ab6ac1ae8fffb1824bfdb6	resultados/C20-r2.json
33b003b37791293f536a2182f7e309b999b9df98affd5d8b199fba92b483a420	resultados/C20-r3.json
a84a4b552c0505dcd32638ba40c6c4762c47c75abdac606c4ca1b1e08c70f687	resultados/C20-r4.json
67cdb998a429de3084bd72638c31eda9335a2b0add1af9a10d20c66d6f516c6e	resultados/C20-r5.json
e6039a50ce514671a9037642c9e9ca68265a2aebf48c3f7532a34d507cda41e5	resultados/C21-r1.json
f75b959180c8c930e0e97e6a14992f97666ca5105ce9818e4b658dbf022fb598	resultados/C21-r2.json
35f8bee8b58594b8b5bea9a508c9b4d237c6b02c871fa8a021fef98419840a8d	resultados/C21-r3.json
0bf2730fdc97c7ed1a83d874c8accee78073ecf4e1d22bc45466455aad80cf1f	resultados/C21-r4.json
e59c9af391788ebb96b95975c9d08ffa7e2e46dccc3539a076a85b4b49897eb8	resultados/C21-r5.json
b465f5469cc13d6b7e7b47e165356fe20863f36a3430ccd45a991ff51548dd95	resultados/C22-r1.json
373a649591eba768b27bdaef47fccf8b79611bea214b228e34ba93c026180a05	resultados/C22-r2.json
93d8d647bffb076c6e686175c436762c06efc7465cb1f92b80881b5243931bb5	resultados/C22-r3.json
3f3c1559270627805e6297759b6432b0255b934d8c596e21fcfc4982cb915255	resultados/C22-r4.json
8b2da7a24ea4719ea62c9ed7b5366f41d0a0de73a64ab807bb8ecc6ef9974692	resultados/C22-r5.json
91fdb10de11e705f2cef34a61403c673938082a86d981a6d621ff34cc2fb7a4d	resultados/C23-r1.json
4b6de12db7f464b4c1cfce0944c08fc6619bb4ba2eedbf7ca59de0a14ee8c8dd	resultados/C23-r2.json
f8b45655d2f1619f3b6bd09b8074e847c1c064e3fbef9e287cf37ce7c0b830e6	resultados/C23-r3.json
e49f0b756d86a4c871ec2c063fc266844ea1b65abfa1984e4068b0cb302120a4	resultados/C23-r4.json
7bed1720f085818fc3993b9b3da44bfb3fab44a624b414409004dde9cbad995b	resultados/C23-r5.json
0f3482d3a1bbc7998a06ac87c9c23050e6026447f72e945e0b0acd1414f99237	resultados/C24-r1.json
a49ec1b58e006b2be29701a1e54342ac7fdc83b37ed3b99afaf8e697bbe4291e	resultados/C24-r2.json
0f2a303bf24ba736c4b675c4dd0f926146380f4ab7e1736e198c7bb0ceff2d0a	resultados/C24-r3.json
092da6f4be86392e361c21321fa4354e0ca2a4356c854e1e4fd0de4030df8d17	resultados/C24-r4.json
10f74646348ea8743847369470cbf8ecb2f0a8730714b49a615d44cf54c9effa	resultados/C24-r5.json
f15749add58af7b5c0375e204e05e086eb66578986491053e39ea81aef5f3ccf	resultados/C25-r1.json
3f9efb47fc590fca86ae464e60313b3733720cde56af964c8cf80ef511594221	resultados/C25-r2.json
8e1be54aba87b567e46a9334f81ecc53717eeaa2ef02a28932a591cdfd847c67	resultados/C25-r3.json
7578b0686567a5aa5cddc3c1645013314b61098593f5bfee1021f1ac8f964875	resultados/C25-r4.json
741ad943b4a08536e44f33b8bfc3dd6e1efd68aecc08f08e9a25771269597073	resultados/C25-r5.json
75d5eb140f25548a209e48aadd3a4423f77fdb938957e6ca57c46c53bb8f1b56	resultados/R02-r1.json
d164ee18dc9d03dc11f770ac9eccd39ce3546488dbe9a47294432e31f7118f4f	resultados/R02-r2.json
8bface26349f2932eb138080e61c2c006dd1d06cbdbc727bbfa6fb8baff8bb83	resultados/R02-r3.json
af67dd04029bd881cd50f0752f6c47a1adc0eee59f764b3dbb377fb43d07c6f2	resultados/R02-r4.json
1b6fe574549f8d9bc42f222e33693c04a970d0aa0e667e8eadc327ace03611bf	resultados/R02-r5.json
e723c210dc64074005479598de24038c7304a551c861e41dc97cef1d42679ef7	resultados/R03-r1.json
f4a7c9d83ef38c1656a8c529bcf38106b39ff01c3310da5766b339556ea0069f	resultados/R03-r2.json
8146f406686f65499a46e9f707ff366b5283a57d9b77efd3e5b4bec9a4a778e1	resultados/R03-r3.json
6228c6f7b52081446ab974c44876dbcfdda3c59d2f5bc7772497523d101e7e46	resultados/R03-r4.json
78d0a8c270be2378c067bc8a4114fc4987793e12425deffada15285d63cdeeae	resultados/R03-r5.json
d4873ce7f0a54c1884fb518cef1a50dc53cdbb96a120d496cf28c425770ca1ea	resultados/R07-r1.json
d4b4014a06f41d48b8489b51adc1a5ad4cca029e8ff0fe075a17040bc50aa572	resultados/R07-r2.json
c3039bc434e2e864b694b363489df32750b9320ebcc1a59abf9185140c0780cf	resultados/R07-r3.json
b18de8cc4acd52fef1b492777062f0fc87352c98d98609447de382fe9cff4216	resultados/R07-r4.json
04fc832a9ede3bd7939333154d0edef6c4898648cd1e91f6a827bb5be79b1ab6	resultados/R07-r5.json
61d645baeaf67bacdcd9b6a769b16526304c444afb7674069f2c8647fc8e6bc7	trazas/C02-r1.json
851ea7312c5ce188cd7b5781a6a9d84c3c8eea1c73a408725b5df21ff66f48f1	trazas/C02-r1.jsonl
e80962a9430ed38ca2671dc7f8ea876b696cb85cc7b7a5fea179af5fa04f929f	trazas/C02-r2.json
a592622d961dd8c4bf6213a5fa08eadf6930dde417162b272e782392872adab0	trazas/C02-r2.jsonl
66043fc47992a872bd9253f43bb4df17675a714370cfb4c697edda5c22644a36	trazas/C02-r3.json
c4374fb60a55ab9233da96d0ef503dc89a2c7f2929d7836c7f8ceb4a127744f3	trazas/C02-r3.jsonl
75e5d2f091bace8ee79ba7ead249966a47e95de343248385ce427e8205a08259	trazas/C02-r4.json
36f17301776553f9882e446da17b756d0951f2dd337abb617d15bb8515ee6311	trazas/C02-r4.jsonl
8277e464f07189975c6eb2b851a0b9aba469d3afa38041c3abbfae0447d80973	trazas/C02-r5.json
b88977493bf65ded6cfd426c27b5970801cc69f139e44c38378ddbd7a5ed1a62	trazas/C02-r5.jsonl
e218a6baaa26a4e5820e6150b7e7dc58ce19a78c8ac7ac60d0660a3ac74bbf3d	trazas/C03-r1.json
3dc977468a3853281e7013eee45266b896ce360c9436aa18ae7866506097a4d7	trazas/C03-r1.jsonl
fc25bd4529dce95c5bb51df3a867c7d40edf8f4bab5faec859d7d817fbe26846	trazas/C03-r2.json
67b3d12a1f78acb9151c6dd0e6e5f016f0395fd4330503b507687f265dddab5d	trazas/C03-r2.jsonl
010d3e85183cc40592daed9a0ba3be3eea02ceb183c70a7417ecaa6ca1a0f3d7	trazas/C03-r3.json
81a410afc89d8e71eaf2f7bb8600a55c5a49f0b5c668062e407b948567aa67f4	trazas/C03-r3.jsonl
cb35835b528303dbc27bb096889458bd875d9f088cb934585e39a5db8149c878	trazas/C03-r4.json
27d3956a35cf23d24ef78fe9f6a92a3b9e260e72707d2a8f9abd0563bbbad8fa	trazas/C03-r4.jsonl
96c63a432ec112aec86811b668443cfddaced150c720e5ab8d47874ce99419df	trazas/C03-r5.json
2365d5d445c55891eace03d8229f08ac1a174b83f1b509f77354713a9b3bc969	trazas/C03-r5.jsonl
fff9cdb717ccdb1e49ad760ed20b990b288bd7c2a3f5c0584826da65a1aec70c	trazas/C04-r1.json
ba4fe87653446889cf35b1759765dc482ff531ef22a2366fad2d1414b8eca8f7	trazas/C04-r1.jsonl
9e21a50c3e05bbb73adf1aa045ed12190aa5037702f834eb610bb06158b908a7	trazas/C04-r2.json
ad0e1fa4b923d51217adf378975e5f6a8fa842b92176c1a0e6402a19fd587ccb	trazas/C04-r2.jsonl
ca9328e4019387da58ffe7be61e3ac9e3a4ce4d06168a70bccea7b592b525000	trazas/C04-r3.json
173ef866d71d3e313c51e7e2cd8e215dba19638528bc511fb46466173f3e1d6c	trazas/C04-r3.jsonl
629a7b953268e9b8a8b92f5677db417ff9d47402dfbbfc0f5d4f48f9e4a492ad	trazas/C04-r4.json
c282ea01c8499f7417d5230ec3b6e1c070818efb86a2eb73bc11cf937cfa1844	trazas/C04-r4.jsonl
358ca21472cb601e72a5b9fa5fa5983295f3f2d71810d8eb2c0c0c852c8bf3b1	trazas/C04-r5.json
ae5f2f57944e8b82d0a51ee878f2cd491cf71e2d4d112bb4e7d06ab319b1b8d2	trazas/C04-r5.jsonl
37fc5fccc8571bf399f5509122d67a5afa1491aebbb2a835f1df3f8a36b31eed	trazas/C06-r1.json
44052f42e7e70ac68851fcf434607730db8bf9f7d513e068347dbf3c294e4bfc	trazas/C06-r1.jsonl
9e1c6e304a359516add5072179b2e30fe54c7daf6fb4ff061e30d8c57fa5a52a	trazas/C06-r2.json
2b41bbfb4466db0e0f6b6b0f770a832bfa453a8737f8160eee51c9993fb2edaf	trazas/C06-r2.jsonl
28fcbc9a382388c3a6638475ae806343acbecc5a7d2d4cd45bd33045e323d79a	trazas/C06-r3.json
81c38fb528aec3f09dc02853cf70b2400844a44c650303294dc043bca1d2cee0	trazas/C06-r3.jsonl
edcd8b6eac3442459fe7609dca1c20a4430b2cc299d1eb94d6322bc9ce0871c3	trazas/C06-r4.json
02ff8f58913b76a445f286a5a697ab72e67c0c329b08e1bb5d8f88206ed34a7e	trazas/C06-r4.jsonl
bdc32faf8682087f46900382c50a56f965cbaa2bfab4b4cd22f7fd7addeaf3ab	trazas/C06-r5.json
71f0be0f76526e356df9eabd8059e750931073905aeeff1c1ed5596c17c8846b	trazas/C06-r5.jsonl
866a154b9c10eeda34abea599f2f95543427bdd51a0ca120cb85ca5406f7fd94	trazas/C07-r1.json
ccd95987258d48ccaf796d0a86839f32ee6f29e6e2ea6f34ce7ba6977008a155	trazas/C07-r1.jsonl
ec419e206435b4cb6416502af851d79ce208e9febe3e27b786dc44b49cb7435c	trazas/C07-r2.json
659f0685d1aec63e5b271c19c50d3bae213c8e95b578e830af57be3435b0cfec	trazas/C07-r2.jsonl
d8edfd3411f7aa36d7d4d0090a4622bf09c11e0d2c553734957813167a01d860	trazas/C07-r3.json
851ddb1f3e46190c8a30668e547ce5a06d7fd5eb323a8b6c4aacf405cbbaef29	trazas/C07-r3.jsonl
14cc19d47ad934ce1d9604858a9daeca8945b1066e7302bb182bddcc0b830384	trazas/C07-r4.json
61feecc9cb5b3394dd8e6840a10fdb6b887fbfb212ce7ad6cc34b06535a457e5	trazas/C07-r4.jsonl
d2d8a25de89f0e30fe6f02441c1f0fa165fb857a136611c340ba6083a549f13c	trazas/C07-r5.json
3ef002d78533f06cff6e3ab3801ab4df50b9f6ee4b5ba43edddacce8ba71d204	trazas/C07-r5.jsonl
9ea44087563d35fdc8bd89dcffbd892f44c06fe97df50624d0b8fd948f591bc6	trazas/C09-r1.json
2776eec60b77117bd10cbe94fb80c6160c753b83c84e005bfcaa5cb1e7d4b697	trazas/C09-r1.jsonl
cb5ba3c1dfbc8d2c13929dae657b840feba86c4b71b18d94fe5c18d29e2348b2	trazas/C09-r2.json
c5d5977635908f938ff2e45c40f8dd7f00831a5c55fef8a73690e81b3b587f5d	trazas/C09-r2.jsonl
23f4609da113d4da289a1ab3623ee63cb17b8ae6e1acd07e87b6fee41db83ab2	trazas/C09-r3.json
1479147a35095af27537e0554a56e0e2cf3db2b9c47050bbb4c520a45252ad72	trazas/C09-r3.jsonl
dfb6242bb74a5bc80384207933e5489cd3405a9ea1336e9cb68f1a669e797bfa	trazas/C09-r4.json
204bf77115b53c8b20f3696f5188705876a7b0065ebed6acc83a61ef4edc1950	trazas/C09-r4.jsonl
eeb6e00f183bbbd82556c14e4a42296d20a45bb36d739979a133021282f0b4e2	trazas/C09-r5.json
81243078c2e7c946eb0e43b158b5e2f863c33cde37689bb9180d7e5b82644d77	trazas/C09-r5.jsonl
03e7ed3c5a35b3dbbcdb542556d5372d408f8c44cca63c84c50fae01de97c3da	trazas/C10-r1.json
722b898f88cd9916c2928a33f3f4efb1642096a12f16d0562f836fc9e733fb26	trazas/C10-r1.jsonl
02918eb302ac920d6e8d20eef9e927074da56da5e3f44f53b474c41208f7e23c	trazas/C10-r2.json
faebae320224bbbc84c26c92bd1c25a0e8bd3be68e7873397defa83b9f4a9e2e	trazas/C10-r2.jsonl
602f7dea8b866645a4f01ca670c0843aaf29c51eead17f814639c8bb8d683d5a	trazas/C10-r3.json
98d90609b78838f50445077ab77bcb5fb76d2f40d843a6b2411c6598f6b2e9be	trazas/C10-r3.jsonl
202f2d1a4b18577d0df44bf2e20ed9ce68597666917e3ca0b06e2328faa70524	trazas/C10-r4.json
5acfb6bf8fce3b0e1751f7d70894cb2b5de0d137c86a36c6dfcca9afbf286480	trazas/C10-r4.jsonl
21287f794e0da3b6194a79cde699dd5cf47348b12af5a25f99dc40427b43f846	trazas/C10-r5.json
70eaf4e71b9cf5f31f85338c4e451b161a487c1ab41f6973164f31f134451481	trazas/C10-r5.jsonl
c020ddf71b9b9fc8cb09b8b9d9e0b66ff79232741c0bbbffdbb02d6164fd8e7c	trazas/C11-r1.json
4ee971e1be41d4fed422fe9ed49c671446cd7f05cf230b6d414cc36a4e1a3b90	trazas/C11-r1.jsonl
f3f88ffd1a09f0d34267119fe9c8d48ce8dc40f3f5d8266106020197bcb165cf	trazas/C11-r2.json
7b9ce1bb103aee300e9b23be5c46f0ed26228edaffc474fbfc501342aafe647c	trazas/C11-r2.jsonl
dd3cc864b5bec307dd2b92d38c1b9184368ad82305e14664167e1243f1e5b508	trazas/C11-r3.json
06c6863047d0941efca27096e46a4a3ada4e1b3d621264b3c6960adc7e92344b	trazas/C11-r3.jsonl
4fc2f2fa53f25fd2ef21cca40cfffac1c562916df6ba4d7f07ae49a438c84721	trazas/C11-r4.json
ddd3d9ca4412b4ab91b1ed1f38025fb4ba45d9c47c28469a77f12652d5f5a479	trazas/C11-r4.jsonl
8175f6dece5d7a5b4272a12492baebde4578f72c0ac641b5fa9f740100345b29	trazas/C11-r5.json
bba0bf42480106126945bc467bdb1d04b8735f07b91ff0454b8543cc3bc592f7	trazas/C11-r5.jsonl
4ce56d01bfd3511f0c1b326d16a9b1c2504964b43273f6884f25d8110c523dd0	trazas/C12-r1.json
ae2886596059ef0161ea6dab4274d99422faf240a95df3b6a32fa8a437769c4d	trazas/C12-r1.jsonl
28923a7672990ed43ad80f894b912efba0a77c8d9c71f4605e5638f8b95ee554	trazas/C12-r2.json
d88d48cf38df752a4acbb3430e2bb8961d9ab676d183a0f99f8f001ee05953c8	trazas/C12-r2.jsonl
ac2599be7133e414a717c45f9197200cb8a17faee269cf00e2539ee3840de255	trazas/C12-r3.json
5347dbe72fbdb7655deef9a9f5dbfc2f3099023d3cc9486eb44d416918ba9db1	trazas/C12-r3.jsonl
d908736c02a92075da851f98aef5a9cf77b41e951ffd1830eddbaa38a751dc24	trazas/C12-r4.json
827fc26fa6b5276bbc4bab7281c9662ba16c3de108a1a4cb13ddace158bdc93b	trazas/C12-r4.jsonl
9499fd205003f3a57a94e56f57d48cbad2eec1aefae4790029c67585ffb1f2cd	trazas/C12-r5.json
2f8ce9d612038fe705c08498565109b383bba138af25c05104c957802b260cb7	trazas/C12-r5.jsonl
a6b97150ec44f98f92f561ec6d7e8d4a24ddc415de3802c82d3667eab623debd	trazas/C13-r1.json
533a8b54d6d2a76b6d8b867b91842b5460891d72435ab5574d614f4760e79d4b	trazas/C13-r1.jsonl
7e56001e9b22673f9fea63a73b4cf66a21837c0ed0fb29f950854e30256b25c2	trazas/C13-r2.json
99ead2d8e6d136f261fc520b4d7c9aafc70bef11a024a8b44e2285c4b2aebf84	trazas/C13-r2.jsonl
1d1a44eaa571ce3cc41c90c0ec9611f5c856817f4fc922ef8ebed7d41f4ef260	trazas/C13-r3.json
30a1098e0fb6027c9c93e7556f76047878666e575bbe8c60df996bc9bb029ffa	trazas/C13-r3.jsonl
52d42024640ea93e0ddcd5026d49b24c786b6f89f0c9b14fbf47787b7c26faf6	trazas/C13-r4.json
2c95ba84264a0ff22ee9a0803aed2d0898d5b3b051b3bf2800d205c9155bc117	trazas/C13-r4.jsonl
ef712643889152d153c484022d34b3be149ffea0fa80dc074cf076f029497c8d	trazas/C13-r5.json
698fd8561158e611fcb4ed2630ba6e839225458798bc98bdc4d957b93171aab4	trazas/C13-r5.jsonl
fb1ab40ed61fb71cc520ca01b221bfeae22e5a909da8d9b4c17626f596f2afbb	trazas/C14-r1.json
b3df31899515b93d906d8bc73821b3b44e4302ae17452b90da493c838af819eb	trazas/C14-r1.jsonl
5cb06223749f4c5a2671941b74993ad7f138abbd5767d9712d5bba5a5e7aa3b2	trazas/C14-r2.json
62d792593ca69871a93f67936d4aae9ed2172ad01ecdb7914a699890b320af0c	trazas/C14-r2.jsonl
c3946e78ebab7b19bb3e7f267aaac2a104bf247510ea40e61efbb639b995f53f	trazas/C14-r3.json
aaa9814eda07cb32895c7e0de7937cc653573c54a669fad421c54ab6b09aa873	trazas/C14-r3.jsonl
8f31647bdbe25840307d30e034782312d747abb212fe55e3a3587defb31aebef	trazas/C14-r4.json
3ababde2214174b447b4a8ab0b1f1d18492295dc7e49e2d48d8c3041d87c23d7	trazas/C14-r4.jsonl
70d99fac8cac7984f4dffb82a3d9542e5145fd7f2f81c742d4fef9af4c6b5105	trazas/C14-r5.json
8f2919afd8ad4528fba593ee16bbdcaf65c43efb5f078c7c37f1f3f13e3f5e95	trazas/C14-r5.jsonl
28f30fd3807c1cb09b496d69a70ce8210adc584ec2d73833979d7d7d3320b3f5	trazas/C15-r1.json
ead3e01cabdc5d7c160df3706e4ab9d9f4ccd5ad8721fb553a3996ae8e1f0ce5	trazas/C15-r1.jsonl
b4c509e919f7b7df8f61f61962975776b8276a38ce4dcac347b09e14195ebed9	trazas/C15-r2.json
5500bbed971d065bc51f550e3d111137e7edea936ed8e0fb646bc92a184875f5	trazas/C15-r2.jsonl
b9d899e7038e0908d85bb161f54b091874eae243a240ad769e2b1dfa6c7cf43d	trazas/C15-r3.json
cc713e4029336c1c4fd5d2c66fa3f68e022821e9319be6dc961c8e7351ac1082	trazas/C15-r3.jsonl
88ea94f3c23351f72549ef4a350adb67deb242a3515b4e7dae18880f2224913d	trazas/C15-r4.json
16a34d17899ef41c7b16d355606f0a6dba720b8524549d2fb2dd0e2753c800d2	trazas/C15-r4.jsonl
de41c3378b62bf508c2a05fe1592dc814df919d2405807d155c28b076a1b1ad9	trazas/C15-r5.json
5c99eacf4d3f73ae0c4792cbb1ccdfe7a6e5ef8920bc678c53ade10c37c0303c	trazas/C15-r5.jsonl
e8aacc58de8536e9cccdf8618278040ca4d4360669dde720d079c630ad465a00	trazas/C16-r1.json
1212e81f1d2caed42925d2e037d99f523fcd3f44a7ce9e04556a3d23c510e0c7	trazas/C16-r1.jsonl
57be665d28243c6a94a27bdbb8681ca1cf2b58ba7244aa59577cb11534d7f19d	trazas/C16-r2.json
d672b3b5287ea860a4e4b321534b3fc801d8252981b1a59c6b9f328c7dadff7d	trazas/C16-r2.jsonl
ad06892d6786f1f0d16bfca8acc8f26a76bf97a92103319bb6a7a6d819d7ab14	trazas/C16-r3.json
11d189693fac71a4412b7218c52bfbdeb01adde05a7b563d95fcfd8d25f87958	trazas/C16-r3.jsonl
1c672c8a7badca07e5b5cbebee776078bb9691a5b6d1cdc9f17736d301f5487e	trazas/C16-r4.json
5d4f0c41643a73e5338e8539c87cdd2fb4a62d89423f6a3695c55d14722c0dda	trazas/C16-r4.jsonl
186634fa967bab1a8fc0346cd5819c6fd2b5cad5ca2600ea25b2a6823a7d0cd4	trazas/C16-r5.json
48bd5e3f71fa68cbe2c1b8e535ca96d5c7b54cd05f1833b629290a14449af9d8	trazas/C16-r5.jsonl
2ee8d6998606ec8233ec5cbb753ffddb1110527bf92b50eaee3b8dfdcda52ed3	trazas/C17-r1.json
aef214e88c3bf550c8dd2de2dde800b1a51f92f95c0972a0c03242f847a7ef19	trazas/C17-r1.jsonl
9939efd9478eb96738fa8e8f558ea9453ee55e5d846bcdf3117ba5db21dab965	trazas/C17-r2.json
72d6d2ac0323900549fae5986e41880175c58303040a839d1aaad7187b079885	trazas/C17-r2.jsonl
7ea7efcd5c938da9c2a91a68444a85a3709ee4b9be8210b04316bda4dce44cd0	trazas/C17-r3.json
45fee899932b8f08f8586150af3ad267f526102980dd494e7b8a07e4184a3f21	trazas/C17-r3.jsonl
c9eb71e3dcefbf101e43b13d8679a8a7016291b7986b1ebfe03fe1be1d4a087a	trazas/C17-r4.json
55cecc88d5381c3abe28aea08caf86239ef5ba25327fac29e3b1599250791801	trazas/C17-r4.jsonl
a47e97569bea296c047f1572a871bb906ca868a3ca0b651c019710d46451a3ac	trazas/C17-r5.json
43373ba11deea38a73368dd63b1af39176a9d298b1d49b9cf302451228f016d6	trazas/C17-r5.jsonl
4abedbf1394bb1343dcd2556cf655486cd8e0c4337843a165dcb1cb14d121e9a	trazas/C18-r1.json
ae0f68c3ffb9945bee2424514c5e0dcdb93b87bd2722c752958561009acff474	trazas/C18-r1.jsonl
c90c0bdeaba8760465ee78dcdbfc1475c6d6e4d07a062ed6060ccd067ba2c14b	trazas/C18-r2.json
01cd6b4e089752e9d3303a8e7a53e5899e0afca3fb0bfa9fea88d63d9939dc8c	trazas/C18-r2.jsonl
ced93085c15ca3833227deb020d5825dbc146b724ff1eeb33990022ad245056d	trazas/C18-r3.json
331e57f3c842c8f19035dcd2a2aafef50eda1e61e5c8400f6aaa906d84617157	trazas/C18-r3.jsonl
6d5710319aa2f2b0c1e12a59a50a11f8f41656653734020e89c058737f70f233	trazas/C18-r4.json
ec1049f591710590da26123303d91ae946fa1e683e4d69ce52e97653dc9d09ba	trazas/C18-r4.jsonl
8eb7edb459f1c12cef4d571dae9affffadcc515b90278cac3252b758f1ae5c6d	trazas/C18-r5.json
c7d158df9f87cabce6347ce787067e72826e97d53ae38d826e36b9f6f629cb22	trazas/C18-r5.jsonl
ed65713af85e18b6391ca50b94f9bfb62de394548e01f4e9e4813330a14583c7	trazas/C20-r1.json
db8844374c1ff7ee939dac1b21fe54ae830e919ee292b46bee96fc2d2b66456d	trazas/C20-r1.jsonl
1bd504ccd0e69946ca65288bbdc29919e562b1d5319d47d353449ffe1d4f6733	trazas/C20-r2.json
5417323b713dd20cd68732ef61d6898709bed3a2b6b0651ff71cc7229e748a62	trazas/C20-r2.jsonl
a6d30e837964c5b5021a8137a54d469735de8d1987db627f3966aaea690a3f7c	trazas/C20-r3.json
e374b93e936d20b2d1ae2aaef8e3d7d8ee8dc562ed19012ae52de91e1f28eb07	trazas/C20-r3.jsonl
03ea3cfffe3ca31a6ab69a8f3cb6f39d79f3806ecf56b48f3ae9f8c0e5c45f88	trazas/C20-r4.json
d69944528608fb1cab9f70d7aa58613a26c9dc1a3d47fc2914d93bff22f7cca2	trazas/C20-r4.jsonl
e0b7b69e14e8c25a05ee520c4fff724ea394dba3d63e138f302e6537c4bd6e3b	trazas/C20-r5.json
4ca69dd7bf7e114fe6870b6d3d8a60e3144fb3b5708da961c259d5d38e38a68a	trazas/C20-r5.jsonl
d5f45fab54e38c5e4a9b147700171103fd8f432e2400cef59af3d5eee3add078	trazas/C21-r1.json
82c4577769a5898fb13da0b2c50c1de31ec039498b04da2016768c8dad0e4830	trazas/C21-r1.jsonl
bcbf033f6d3636a5848effdf24720b9877190b2a02e7bf8f77df248e8a2fcdff	trazas/C21-r2.json
6f586c4234b429977d051096a2e0e112e5e03e2ae5f0c6a08d6b3c2d65dc3d35	trazas/C21-r2.jsonl
73331235bc9a911a16dd18119bc66f5900a5c49e0dca2000f29072e79e923796	trazas/C21-r3.json
0b5fb26e43c36668e6d283a796feb991dace0e0ec8c417c1f875a8f66b4c5477	trazas/C21-r3.jsonl
0dd0ea638d2362e13b89ad0f0faf1d6d9ea03f8c26be80403908a5b0ac62e0ae	trazas/C21-r4.json
b2f52924747567ffcc3c186b124ff5e554f88e56612533da8191a96088a31d9e	trazas/C21-r4.jsonl
b56f609e0266f831c6e3a13829ef9409e82c57e82f8fa4057f680e8903ab4cd9	trazas/C21-r5.json
18b76629b06c64fda32a495a54a36849be90ca5e9f9c8b1cabd22ddbdefa4377	trazas/C21-r5.jsonl
27e2ef9c2ea4d92e06a0d2af0c104fe2810214467d9bf399111d43298fbb6cd9	trazas/C22-r1.json
0d8b8b6190c63ce6f5ca36da210ad9a44c24bceeb7e3bf1135979121bb287b55	trazas/C22-r1.jsonl
d70f28e52fb1e89e7178ba7c6e458693a8b2ba3e824bed10fbd0b208dd3b30b9	trazas/C22-r2.json
c05db3c2e06f4b751230c0c3bf7eea7c226da6bedd937a8111f31ca8fa365b3d	trazas/C22-r2.jsonl
c76788d98332a222527ba815be13f5e5ca53585cc77e7df0641fb6a28c232f35	trazas/C22-r3.json
095c05794c4c4d3390fced2a58b0f18bc9bcc4cc1bd8f8482150aba43458d408	trazas/C22-r3.jsonl
0b2db3185400d6b462fd15cad63ad493b6959151f153684528684f849969d6db	trazas/C22-r4.json
e05f16cbede23ffc1946e96509e311bb11b3de735d9d2f531bd4afc33852d315	trazas/C22-r4.jsonl
81c1489df67939cdb9020a04725e0c100b7e4e0d5b71d69a4086c1aa26dcd38a	trazas/C22-r5.json
9948630bace05736d684fb618409b5c5cfbe55997f4bff037a3f052d108524d0	trazas/C22-r5.jsonl
121d4fa8855af89dedff0652eb767f785a2556235aa99633907f51d920538055	trazas/C23-r1.json
ab6a861cc2c719f291964c96946b7db17a963780b5c22a979263df369b313890	trazas/C23-r1.jsonl
6e70de8e8477c59469a1309a6194fa9b6f7f3f2920484d5c0a1b739c00bfc217	trazas/C23-r2.json
d2b5a4b9e93627a3483eabb13c3c0cd7b869a2726a0681abb99adda45a7a85d2	trazas/C23-r2.jsonl
b46c1283fb890c4e30456fb8774b524ef31a03279adcb220d3b1ff85e551e41b	trazas/C23-r3.json
806f858b0be075e6e74f6df616bf2c2c6f4b5a71bddac672186c100d4e927cf4	trazas/C23-r3.jsonl
fa6aa1308545654e468b3311de4bca7308a568bb5dab6b82f448fb14798f0f4d	trazas/C23-r4.json
fb48d65c24275fa4bd65e4077f95a7c09efa2f9d1ec359c7a60c892f41a3c159	trazas/C23-r4.jsonl
c6079f17bb29f0f6fca52341cd792045226c8fe70eebbf5c712a4b44b617ca78	trazas/C23-r5.json
1501668dd325079a01cb6e502f366afd99721bcbad8e463ca84cff05dcf44896	trazas/C23-r5.jsonl
eb103b4640b289196f1ef324588fe997e150a7b1dead75eb0b42c6156610e0c3	trazas/C24-r1.json
09f728224f3fa2673485464d5fce4a169ef5d152d6dd458593c9192b0b00c7b3	trazas/C24-r1.jsonl
a451e8443b9d61ab67b8504e00c9347920ff5cdf2ab7db658fcebdad5010b375	trazas/C24-r2.json
aa34f11e0035cb20f43d4f9c62af9286df845aca82ae882c34af371807b589da	trazas/C24-r2.jsonl
d232c8d7d504263da026829e6aae6c57f9a51b70266c5fb01ede3c4aff7490df	trazas/C24-r3.json
fba404a368c6b5c9652ee1c672c7d2d562b8b728de101f9638ed5caa038fbcf0	trazas/C24-r3.jsonl
f4fd108dbae20b6081ca391a6d9502e75dc1da8f3602f7a961bcfe09c28d28f2	trazas/C24-r4.json
c425d53b41502cddd50bddafdc50d1c9c41759edb25431df4ec521c2ed64d049	trazas/C24-r4.jsonl
c0230e13347452b23c64e8cd023e8adac6bce2bfa16135b5eff9fec76d8bbaf8	trazas/C24-r5.json
a527056152f7d5959efc370da3b3ffd6927067756dc088388ee6f7467c841aac	trazas/C24-r5.jsonl
54350c5b44484bbc3e833e7783334666be9b366a7a4d1eed5fcefda2ca70a209	trazas/C25-r1.json
8593793d1a39c24dff09f1f8208861893f3ee766ed82373540300ad1d80b9c51	trazas/C25-r1.jsonl
582795692d545311d6b1c1520225b7a03fb223f6c848844fa954b7697a757130	trazas/C25-r2.json
e3e1eb6e6ef3d7b9c14c5878a8579b1c44eac3be786a35d51dd4fae43c95a801	trazas/C25-r2.jsonl
662029ce1fd78aedcd607797c535ef8134c2ac6639b315a1891566047a1f6254	trazas/C25-r3.json
9f02f89f5c0ab8fe8c279b116d492a8cee838cc252d71ee1a888f24b3878cbfa	trazas/C25-r3.jsonl
f035a4a9dbdce00f6fc2d3726574d3fe30f242cdd4c43254c7a8169238d9351a	trazas/C25-r4.json
0b72b21043c05d6c9345d2b7fc36925c1ec44b8da27c485318867da2459a4a84	trazas/C25-r4.jsonl
25f43b8a6f327d3140b4606b7a53207b1fa05d9fa286fe99b2c09122558a4889	trazas/C25-r5.json
bdaaa292d5a642ab6c8981ee67fa19d0b001770cfdd267fdfd27e02c79d03c66	trazas/C25-r5.jsonl
6827900f2b89c90edb8f065aacbabb790c1e46c34357306e900e0eb6550a84d5	trazas/R02-r1.json
e9d8e011b8fa083ac9788041df9733efa96874377ca3ae57fe9b2c88319a7948	trazas/R02-r1.jsonl
42773e86d578c4f0d280d99c71852cf5715647efc2d5844432846844b3db2178	trazas/R02-r2.json
dfbc0b2d38c8bc6008c2fc2a3a82822fa7a756aa09334804ad864fd52c76d6d5	trazas/R02-r2.jsonl
6cb38a0a484dbd756b30b3704984e1d7ddf6f396a9b62d0dc753cc03b0d5b880	trazas/R02-r3.json
cf2b2aa59eaad73be7450ac530584ec0f14d6416beaa3f148f2564b9141cf0be	trazas/R02-r3.jsonl
77b42d5c06308b7af368ee66c30fee5ef124e82176f1cadc4884b5d92ed31b87	trazas/R02-r4.json
cc17eff5ddd9ebba68f42698b949d080bf84953752fbca506756835812e8cec6	trazas/R02-r4.jsonl
136dac7796caec70b53ae3982131699687901c6d4c5209e6182645cf5a6f9f89	trazas/R02-r5.json
79d06a35fe2c11ff17846cf86ba802f9830cf713bdf2e6fc0636c117bedfff0a	trazas/R02-r5.jsonl
11f6dd6f9d505303b04a7fb2eb189455d1034ea8371129a3fc03117dc089216a	trazas/R03-r1.json
f4ddceaf7d4045bf19d429b744ccb5da8424691ffbbaff8046685d00060fda32	trazas/R03-r1.jsonl
fd34b83cfe1cd7b5cf9edc331d70eaedf67fc3ac861d216c32b62d014fe46443	trazas/R03-r2.json
193528a98b5d6f8a55f0b704afffe4d42005d78727a02fce8a114f2bc9bdbb2c	trazas/R03-r2.jsonl
bc582e9bbbcbdd33866ba8e4f003c238dc807e5a964501829b6ed848965be50d	trazas/R03-r3.json
4299561d6d88339e3a8f136971d5d0915ea2699c1bbf577c9d5914321bdf9d71	trazas/R03-r3.jsonl
06e76ce84fa111b8a5b43771daf3cc0a891b309dada18ccac3fb7814fef2c99d	trazas/R03-r4.json
59c5138ce6572506ccd903b77cedcd8b388b38422594076387b5edf9f4c26997	trazas/R03-r4.jsonl
dc56e1745f03ace4fa3dc497d9521db93bce724501d867f881b40e474d355caa	trazas/R03-r5.json
0a99ae5149f95e391e8a810139e1ce0f95b5de4a477e08a951f2e699fac43e6d	trazas/R03-r5.jsonl
7e5d976639ec1035a8724937bac30b7ea284d6b821fce38f17e79460f70db878	trazas/R07-r1.json
6bf3da50174363d1aacc591821ffadb3cfa691777bbd05b496363a6ab8e6d709	trazas/R07-r1.jsonl
f8e1158cb57589d2110d4d0450f1d1ff107b1359da3fcaab3420e6200b117920	trazas/R07-r2.json
dbf5eaf8ba8a83b0164de9470ea59f7a0294edc4e4d3528959f0b6382f010edf	trazas/R07-r2.jsonl
00c75a32fbbf72042b6ac917fb68d3d8a6e81a212b344f370d84e45e3b201664	trazas/R07-r3.json
2f895f2319cbdbc4a36c5bf900be8d721b8776a89c7efa2da911110f00cff203	trazas/R07-r3.jsonl
21a90c16a36b1c5d1f9af74eb0712fb0bf569841389771c2b363097184fe0cb0	trazas/R07-r4.json
c057cbd90ca74f7ab094089d2b1bb560831a48a8bf78a8681a90a4ccb347836c	trazas/R07-r4.jsonl
1483a142d552c4186c53000ef524b4f4105ab02af477a80e979cf7c85f98369f	trazas/R07-r5.json
848a53bbde460f9edd46f6851cccbce45ac23d94a9c560cad1d66aecb512ff0d	trazas/R07-r5.jsonl
