pagina,url,grupo,constructo,canal,nivel_esperado,trigger_esperado,justificacion
U03,https://www.minjusticia.gov.co/,G1,Agrupacion perceptual,wireframe,2,C1,"La cabecera queda muy próxima al bloque central, mientras la fila de indicadores y las dos tarjetas inferiores mantienen alineación y contornos consistentes. Estimo una excepción localizada de separación y recomiendo ampliar el espacio entre cabecera y contenido; es un juicio visual, no una certificación de la razón 1,5."
U03,https://www.minjusticia.gov.co/,G2,Arquitectura de decision,wireframe,0,dominancia,"El bloque central domina por superficie, pero no conserva una acción primaria distinguible: solo quedan controles laterales y una fila de selectores equivalentes. Para orientar la elección, el wireframe debería conservar un botón principal diferenciado dentro de ese bloque."
U03,https://www.minjusticia.gov.co/,G3,Capacidad y segmentacion,wireframe,2,segmentacion,"Asigno 2 porque se distinguen la región principal, sus controles y los bloques inferiores, pero la abstracción de la imagen impide reconocer la segmentación interna y sus encabezados. Uso el nivel de cumplimiento parcial como aproximación para la representación disponible, sin afirmar que se hayan medido U, H o V ni que el sitio original tenga ese defecto."
U03,https://www.minjusticia.gov.co/,G4,Saliencia visual,screenshot,0,I,"En las dos tarjetas inferiores no identifico un elemento aislado respecto de su par. Asigno 0 por ausencia de aislamiento en ese conjunto, como extensión interpretativa de la escala general, sin afirmar que exista Bn; convendría establecer una prioridad visual si la sección necesita promover una opción."
U03,https://www.minjusticia.gov.co/,G5,Posicion y progreso,wireframe,0,lista_plana,La secuencia horizontal de pequeños rectángulos bajo el bloque central no distingue estructuralmente el inicio o el final y no se observa un proceso por pasos. Corresponde a lista plana en lo visible; convendría distinguir el elemento inicial por forma o separación.
U03,https://www.minjusticia.gov.co/,G6,Economia y convencion,wireframe,3,ninguna,"La estructura reconocible sitúa la marca a la izquierda y el campo de búsqueda arriba a la derecha, sin formularios ni operaciones manuales visibles. Espero nivel 3 por las convenciones observables, sin atribuir funcionamiento a enlaces ni presuponer textos que la abstracción oculta."
U03,https://www.minjusticia.gov.co/,G7,Targeting motor,wireframe,1,S_min,"Excluyo el documento raíz y los contenedores ancestros como objetivos independientes, y considero que el campo de 19,19 px cumple por holgura. Bajo ese supuesto, la separación de unos 5,02 px entre los objetivos 311 y 332 de cabecera fija nivel 1; recomiendo aumentarla al menos a 8 px."
U04,https://www.minambiente.gov.co/,G1,Agrupacion perceptual,wireframe,2,C4,"La cabecera, el bloque central y las columnas inferiores se distinguen con claridad, pero la navegación combina ítems de una y dos líneas con alturas y anchos desiguales. Estimo una inconsistencia localizada en esa familia y recomiendo uniformar sus cajas manteniendo la separación entre secciones."
U04,https://www.minambiente.gov.co/,G2,Arquitectura de decision,wireframe,0,dominancia,"La navegación y los controles del bloque central ofrecen elecciones, pero ninguna acción principal del contenido sobrevive con una forma o tamaño dominante. Recomiendo conservar un control principal en el bloque central; el tamaño de la imagen por sí solo no establece una acción."
U04,https://www.minambiente.gov.co/,G3,Capacidad y segmentacion,wireframe,2,segmentacion,"Asigno 2 porque el bloque central se separa de la navegación y las columnas inferiores, aunque su contenido interno desaparece al convertirse en wireframe. Interpreto esa conservación parcial de la estructura como cumplimiento parcial, sin inventar el número de unidades ni dar por confirmada su coherencia temática."
U04,https://www.minambiente.gov.co/,G4,Saliencia visual,screenshot,3,ninguna,"Tomo la navegación como conjunto principal de opciones: Inicio es el único ítem marcado con una línea verde y corresponde a la sección mostrada. Espero nivel 3 porque la selección es reconocible, sin evidencia suficiente de un segundo énfasis independiente para subir a 4; interpreto la cabecera convencional como navegación, no como publicidad."
U04,https://www.minambiente.gov.co/,G5,Posicion y progreso,wireframe,3,J_inicio,"El primer elemento de la navegación horizontal tiene un contorno que lo distingue de las barras siguientes, sin un indicador de pasos reconocible. El inicio queda diferenciado estructuralmente y no se observa una distinción adicional del extremo final."
U04,https://www.minambiente.gov.co/,G6,Economia y convencion,wireframe,3,ninguna,"La marca aparece arriba a la izquierda, la búsqueda a la derecha y el menú se distribuye horizontalmente antes del contenido. No observo una ruptura estructural de las convenciones ni trabajo manual trasladado al usuario, por lo que espero nivel 3 sin suponer comportamientos invisibles."
U04,https://www.minambiente.gov.co/,G7,Targeting motor,wireframe,1,W_min,"Trato el enlace de 1 × 1 px como artefacto de captura y excluyo raíces y contenedores ancestros del inventario de controles independientes. Permanecen tres enlaces de 19 px de alto sin colisión detectada entre sus círculos y otros controles, por lo que estimo nivel 1 por tres objetivos menores de 24 px y recomiendo ampliar sus áreas."
U33,https://www.bancocajasocial.com/,G1,Agrupacion perceptual,wireframe,2,C1,"Las seis tarjetas inferiores repiten tamaño y alineación, pero las franjas de cabecera quedan muy juntas frente al espaciamiento del resto de la pantalla. Estimo un problema localizado de separación y recomiendo diferenciar mejor las bandas superiores sin cambiar la cuadrícula de servicios."
U33,https://www.bancocajasocial.com/,G2,Arquitectura de decision,wireframe,2,dominancia,"Distingo aproximadamente ocho grupos de elección entre las bandas superiores, los accesos de cabecera, el bloque central, las tarjetas y los controles inferiores. El botón del bloque central es reconocible pero compite con los accesos superiores; recomiendo reforzar su jerarquía y simplificar la cabecera."
U33,https://www.bancocajasocial.com/,G3,Capacidad y segmentacion,wireframe,3,ninguna,"En la región central hay un encabezado, un bloque de apoyo, un botón y una imagen agrupados como una sola pieza, sin superar cinco unidades visibles. La fila de tarjetas pertenece a una sección inferior separada y no hay una dependencia de datos fuera de vista observable en la región evaluada."
U33,https://www.bancocajasocial.com/,G4,Saliencia visual,screenshot,0,Bn,"La franja superior muestra información funcional sobre medidas extraordinarias como un banner de gran anchura, mientras las seis tarjetas principales de servicios no distinguen un elemento prioritario. La combinación Bn presente e I=0 corresponde a nivel 0; recomiendo presentar el aviso como información de servicio diferenciada y aclarar la jerarquía de los accesos."
U33,https://www.bancocajasocial.com/,G5,Posicion y progreso,wireframe,1,lista_plana,"La fila principal de seis tarjetas mantiene sus extremos sin diferenciación, mientras un pequeño selector del carrusel sí presenta un contorno distinto. La jerarquía visible queda en una secuencia secundaria; convendría distinguir el inicio de la lista principal."
U33,https://www.bancocajasocial.com/,G6,Economia y convencion,wireframe,3,ninguna,"La marca queda a la izquierda, la navegación se mantiene arriba y el campo o icono de búsqueda y los accesos están en la zona derecha. No observo formularios redundantes ni cálculos exigidos al usuario; espero nivel 3 dentro de lo que conserva el wireframe."
U33,https://www.bancocajasocial.com/,G7,Targeting motor,wireframe,1,W_min,"Excluyo raíces y contenedores ancestros como controles independientes, evitando que generen colisiones artificiales de holgura. Hay cinco objetivos de menos de 24 px sin colisión con controles independientes, lo que corresponde a nivel 1 bajo ese supuesto; recomiendo ampliar los enlaces de cabecera de 21 px de alto."
U43,https://www.bluradio.com/,G1,Agrupacion perceptual,wireframe,0,C3,"La captura combina numerosos ejes y anchos en cabecera, columnas y bloques inferiores, y la franja superpuesta dificulta separar los límites de estas últimas regiones. Estimo fallos simultáneos de regularidad y separación; recomiendo alinear los bloques principales y dar a la franja inferior una región que no se confunda con ellos."
U43,https://www.bluradio.com/,G2,Arquitectura de decision,wireframe,0,dominancia,"La decisión en primer plano presenta dos botones de tamaño y tratamiento estructural equivalentes, sin una acción primaria reconocible en el wireframe. Recomiendo distinguir su jerarquía por forma o tamaño y mantener la alternativa identificable."
U43,https://www.bluradio.com/,G3,Capacidad y segmentacion,wireframe,3,ninguna,"La pieza central visible reúne un encabezado y un bloque gráfico, separada de la columna derecha y de la franja inferior. Espero nivel 3 por su baja cantidad de unidades y segmentación observable, sin interpretar la superposición inferior como pérdida de un dato requerido que la imagen no demuestra."
U43,https://www.bluradio.com/,G4,Saliencia visual,screenshot,3,ninguna,"En la decisión visible del aviso de cookies, aceptar tiene relleno azul y la alternativa un tratamiento menos destacado, por lo que existe un aislado coherente con la acción declarada. No identifico contenido de esa decisión camuflado como publicidad o cromo, y el énfasis observado depende principalmente del color y relleno."
U43,https://www.bluradio.com/,G5,Posicion y progreso,wireframe,0,lista_plana,"La secuencia horizontal de navegación conserva barras equivalentes separadas por divisores, sin un inicio o final jerarquizado ni un proceso por pasos visible. Recomiendo diferenciar estructuralmente el primer elemento relevante de la secuencia."
U43,https://www.bluradio.com/,G6,Economia y convencion,wireframe,2,K,"El bloque identificador de la cabecera se encuentra centrado, mientras la navegación sigue una disposición horizontal convencional. Frente al catálogo web de 10/09/2026, estimo una excepción de K1 y recomiendo situar la marca arriba a la izquierda; no infiero el destino de su enlace."
U43,https://www.bluradio.com/,G7,Targeting motor,wireframe,1,W_min,"Excluyo el documento raíz como objetivo independiente y considero únicamente colisiones entre controles distintos. Los doce objetivos menores de 24 px, varios de 15 px en la banda superior, sostienen nivel 1 aun con holgura; recomiendo ampliar esas áreas interactivas."
U44,https://www.senalcolombia.tv/,G1,Agrupacion perceptual,wireframe,3,ninguna,"La composición principal mantiene límites claros entre una pieza grande y dos menores apiladas, y las filas inferiores conservan alineaciones repetidas. Espero nivel 3 por la agrupación visual estable; considero la diferencia de la pieza principal una jerarquía deliberada y no una inconsistencia entre equivalentes."
U44,https://www.senalcolombia.tv/,G2,Arquitectura de decision,wireframe,3,ninguna,"La pieza principal de la izquierda domina con claridad sobre las dos alternativas menores, y las opciones restantes quedan organizadas en bandas y filas separadas. Estimo no más de cinco agrupaciones principales y una elección de contenido reconocible, sin evidencia de ayudas adicionales para asignar 4."
U44,https://www.senalcolombia.tv/,G3,Capacidad y segmentacion,wireframe,3,ninguna,"La región principal contiene tres piezas delimitadas, cada una con su propio bloque de titular, y mantiene separada la fila inferior. Espero nivel 3 por la segmentación en pocos bloques y la ausencia de una dependencia de información fuera de vista que pueda observarse en esta captura."
U44,https://www.senalcolombia.tv/,G4,Saliencia visual,screenshot,4,ninguna,"En el conjunto principal de noticias, la pieza de la izquierda se distingue de las dos piezas menores por área y tamaño del titular, estableciendo una jerarquía editorial coherente. El énfasis se sostiene por más de un canal visual y no se observa contenido de ese conjunto tratado como publicidad o cromo."
U44,https://www.senalcolombia.tv/,G5,Posicion y progreso,wireframe,3,J_inicio,"Dentro de la secuencia principal de tres piezas, la primera posición, a la izquierda, es claramente mayor que las dos siguientes apiladas a la derecha. Esa diferencia de tamaño sostiene J_inicio sin depender del color; no hay una distinción adicional del último elemento que justifique 4."
U44,https://www.senalcolombia.tv/,G6,Economia y convencion,wireframe,3,ninguna,"El bloque de marca está arriba a la izquierda y la navegación se organiza horizontalmente sobre el contenido. No se observan campos repetidos ni operaciones manuales exigidas al usuario, así que espero nivel 3 para las convenciones reconocibles en este canal."
U44,https://www.senalcolombia.tv/,G7,Targeting motor,wireframe,0,holgura,"Con geometría de nodes.json, el botón 511 de la esquina superior derecha mide 20 × 20 px y su círculo de 24 px intersecta el enlace 371 de la misma banda. La falta de holgura existe entre controles distintos sin depender de raíces clicables; recomiendo aumentar el objetivo y separarlo del enlace vecino."
U47,https://www.museonacional.gov.co/,G1,Agrupacion perceptual,wireframe,2,C2,"La cabecera y el bloque central forman regiones claras, pero en la zona inferior hay barras de encabezado que cruzan los límites dibujados de las tarjetas. Estimo un problema localizado de límites en la representación y recomiendo mantener cada encabezado dentro de su bloque correspondiente."
U47,https://www.museonacional.gov.co/,G2,Arquitectura de decision,wireframe,0,dominancia,"La navegación ofrece varias opciones del mismo peso y el gran bloque central no conserva un botón o enlace prioritario, únicamente selectores equivalentes. Recomiendo mantener una acción principal reconocible en esa región para que el tamaño del bloque no sea la única señal de importancia."
U47,https://www.museonacional.gov.co/,G3,Capacidad y segmentacion,wireframe,2,segmentacion,"Asigno 2 por la separación visible entre cabecera, bloque central y contenido inferior, aunque el contenido gráfico principal pierde sus unidades y encabezados al abstraerse. Es una aproximación de cumplimiento parcial de la representación, sin deducir poca carga cognitiva del rectángulo vacío ni afirmar valores de U, B o H."
U47,https://www.museonacional.gov.co/,G4,Saliencia visual,screenshot,0,I,"Los ítems principales de navegación mantienen el mismo patrón de texto y subrayado, sin un aislado inequívoco. Asigno 0 por ausencia de aislamiento en ese conjunto como extensión de la escala general, sin afirmar Bn; recomiendo distinguir la opción prioritaria con una señal adicional al código de colores."
U47,https://www.museonacional.gov.co/,G5,Posicion y progreso,wireframe,0,lista_plana,"La navegación presenta contornos equivalentes y la secuencia de indicadores bajo el bloque central tampoco diferencia estructuralmente sus extremos. Sin un proceso por pasos visible, la lista queda plana; convendría distinguir el inicio con forma o agrupación."
U47,https://www.museonacional.gov.co/,G6,Economia y convencion,wireframe,3,ninguna,"El bloque de marca está arriba a la izquierda y la navegación principal es horizontal, con el contenido dispuesto debajo. Espero nivel 3 por las convenciones estructurales visibles, sin interpretar como incumplimiento un pie que simplemente no aparece en la captura."
U47,https://www.museonacional.gov.co/,G7,Targeting motor,wireframe,1,W_min,"Excluyo las raíces, el contenedor del carrusel de 11.880 px y su banda como objetivos independientes, conservando los ítems visibles de navegación. Sus nueve objetivos de 22 px de alto justifican nivel 1, suponiendo la holgura observada entre controles; recomiendo aumentar sus áreas a 24 px o más."
U48,https://www.banrepcultural.org/,G1,Agrupacion perceptual,wireframe,0,C2,"En esta representación, el bloque negro izquierdo invade la región central y los textos inferiores atraviesan contornos de otras regiones. Estimo fallos simultáneos de límites y separación; recomiendo revisar la conversión a wireframe para conservar los bloques dentro de sus regiones, sin atribuir estos cruces a la página original."
U48,https://www.banrepcultural.org/,G2,Arquitectura de decision,wireframe,0,dominancia,"Los dos controles de la franja inferior conservan cajas equivalentes, mientras el contenido central no presenta una acción estructuralmente dominante. Recomiendo que la acción principal siga siendo distinguible por forma o tamaño cuando se elimina el color."
U48,https://www.banrepcultural.org/,G3,Capacidad y segmentacion,wireframe,3,ninguna,"La región central conserva un bloque gráfico y dos bloques de texto agrupados, sin una lista extensa de unidades independientes. Espero nivel 3 por esa segmentación observable, sin considerar las barras negras por sí mismas evidencia de complejidad semántica o de una dependencia de datos oculta."
U48,https://www.banrepcultural.org/,G4,Saliencia visual,screenshot,4,ninguna,"En el aviso de cookies, Aceptar y continuar aparece como botón amarillo delimitado frente a No aceptar y continuar como texto sin caja. La acción promovida queda aislada por color y contorno, sin contenido de esa decisión tratado como publicidad o cromo."
U48,https://www.banrepcultural.org/,G5,Posicion y progreso,wireframe,1,lista_plana,"La navegación principal presenta una secuencia plana, mientras la banda superior secundaria contiene un elemento enmarcado que sí rompe su patrón. La jerarquía queda en la lista secundaria; recomiendo diferenciar el inicio de la navegación principal mediante forma o separación."
U48,https://www.banrepcultural.org/,G6,Economia y convencion,wireframe,3,ninguna,"La cabecera ubica la marca a la izquierda, la búsqueda arriba a la derecha y la navegación en una banda horizontal. Espero nivel 3 por esas convenciones observables, sin inferir cuál de los dos controles inferiores es primario cuando el wireframe les da el mismo tratamiento."
U48,https://www.banrepcultural.org/,G7,Targeting motor,wireframe,0,holgura,"Con geometría de nodes.json, los botones 4233 y 4235 del extremo superior derecho del bloque central miden 25,19 × 19 px y sus cajas se superponen aproximadamente 1,19 px. No satisfacen la excepción de holgura para objetivos pequeños; recomiendo aumentar su altura y separar sus áreas interactivas."
U58,https://www.cruzverde.com.co/checkout,G1,Agrupacion perceptual,wireframe,1,C2,"Las barras y el botón de la región derecha atraviesan el límite vertical dibujado de su columna, y la fila inferior continúa fuera del área visible. Estimo un fallo de límites extendido dentro de esa región; recomiendo corregir los contenedores de la representación antes de usarla para comparar agrupación."
U58,https://www.cruzverde.com.co/checkout,G2,Arquitectura de decision,wireframe,3,ninguna,"En el bloque derecho hay un único botón claramente separado del texto y de la fila de opciones inferiores. La elección principal es reconocible y las alternativas quedan agrupadas, por lo que espero nivel 3 sin inferir funciones o pasos que el wireframe no muestra."
U58,https://www.cruzverde.com.co/checkout,G3,Capacidad y segmentacion,wireframe,3,ninguna,"El contenido de la derecha se organiza en un bloque de mensaje con botón y una fila secundaria bajo un encabezado, con pocas unidades por bloque. Espero nivel 3 por esa segmentación visible; el recorte de la fila secundaria no demuestra por sí solo que falte un dato requerido para la acción principal."
U58,https://www.cruzverde.com.co/checkout,G4,Saliencia visual,screenshot,0,I,"Evalúo las categorías equivalentes de la página 404, que no presentan un aislado, sin comparar artificialmente esas categorías con Volver al inicio. Asigno 0 por ausencia de aislamiento en ese conjunto como extensión interpretativa de la escala general, sin afirmar Bn ni evaluar un checkout que no fue capturado."
U58,https://www.cruzverde.com.co/checkout,G5,Posicion y progreso,wireframe,0,lista_plana,"La única secuencia visible de tres o más elementos es la fila inferior de icono y texto, con el mismo patrón desde el inicio y sin un indicador de proceso. Espero nivel 0 por la lista plana; recomiendo diferenciar el inicio y asegurar que el extremo final quede visible."
U58,https://www.cruzverde.com.co/checkout,G6,Economia y convencion,wireframe,2,K,"El bloque de marca se sitúa centrado en la cabecera, sin una razón funcional que pueda reconocerse en el wireframe. Estimo una excepción a K1 del catálogo web de 10/09/2026 y recomiendo ubicarlo arriba a la izquierda, sin inventar funciones de navegación que no son visibles."
U58,https://www.cruzverde.com.co/checkout,G7,Targeting motor,wireframe,3,ninguna,"La geometría de nodes.json muestra dimensión mínima de 40 px y separaciones de 45 px entre las opciones inferiores; no hay objetivos por debajo de 24 px ni inconsistencias entre nodos que compartan tipo y parentId. Espero nivel 3 para las cajas registradas, sin afirmar que el control principal sea mayor que todos los secundarios."
U60,https://www.ccb.org.co/tramites-y-consultas/renovaciones,G1,Agrupacion perceptual,wireframe,2,C1,"La lista lateral y el panel principal están alineados y delimitados, pero la franja superpuesta inferior se cruza con ambos y debilita su separación en esa zona. Estimo una excepción localizada y recomiendo reservar un área propia para el aviso o reducir su superposición."
U60,https://www.ccb.org.co/tramites-y-consultas/renovaciones,G2,Arquitectura de decision,wireframe,0,dominancia,"La decisión en primer plano presenta dos controles apilados de tamaño y contorno equivalentes, sin que el wireframe conserve cuál es el principal. Recomiendo mantener una diferencia estructural entre la acción prioritaria y la alternativa, además de la que pudiera existir por color."
U60,https://www.ccb.org.co/tramites-y-consultas/renovaciones,G3,Capacidad y segmentacion,wireframe,3,ninguna,"El panel principal presenta un encabezado y dos áreas de contenido, claramente separado de la lista lateral. Espero nivel 3 por su baja cantidad de bloques; la franja superpuesta no permite afirmar, por sí sola, que un dato necesario quede fuera de vista."
U60,https://www.ccb.org.co/tramites-y-consultas/renovaciones,G4,Saliencia visual,screenshot,3,ninguna,"En el aviso de cookies, Permitir todas tiene relleno rojo y Personalizar conserva fondo blanco y borde rojo, haciendo más prominente la primera acción. El aislado coincide con la acción promovida por el aviso y el énfasis depende principalmente del relleno, sin contenido de esa decisión camuflado como publicidad o cromo."
U60,https://www.ccb.org.co/tramites-y-consultas/renovaciones,G5,Posicion y progreso,wireframe,0,lista_plana,La lista lateral conserva filas equivalentes desde la primera posición y no muestra una jerarquía de inicio ni un estado actual inequívoco en este canal. Recomiendo diferenciar la primera sección o la sección activa con forma o borde que sobreviva a la abstracción del color.
U60,https://www.ccb.org.co/tramites-y-consultas/renovaciones,G6,Economia y convencion,wireframe,3,ninguna,"La marca queda arriba a la izquierda, la navegación es horizontal y hay una secuencia de orientación inmediatamente debajo de la cabecera. Espero nivel 3 para las convenciones visibles, sin tratar los botones apilados como una pareja horizontal ni atribuirles una prioridad que el wireframe no conserva."
U60,https://www.ccb.org.co/tramites-y-consultas/renovaciones,G7,Targeting motor,wireframe,1,W_min,"Excluyo el documento y el contenedor de 1.440 × 5.564 px como objetivos independientes para no generar colisiones artificiales. Los siete enlaces menores de 24 px, incluidos los laterales de 19 px, sostienen nivel 1 con la holgura observada entre controles; recomiendo ampliar sus áreas interactivas."
U63,https://www.homecenter.com.co/homecenter-co/cart,G1,Agrupacion perceptual,wireframe,2,C1,"El panel central, las cajas laterales y las tarjetas inferiores mantienen agrupaciones regulares, pero una caja superpuesta invade la banda de progreso. Estimo un problema localizado de separación y recomiendo desplazar ese elemento para conservar legible la agrupación de los pasos."
U63,https://www.homecenter.com.co/homecenter-co/cart,G2,Arquitectura de decision,wireframe,0,dominancia,"El panel principal contiene dos botones del mismo tamaño y tratamiento, sin una acción dominante en el wireframe. Aunque las alternativas están agrupadas, la falta de jerarquía de la decisión fija nivel 0; recomiendo una diferencia de forma o tamaño entre esos controles."
U63,https://www.homecenter.com.co/homecenter-co/cart,G3,Capacidad y segmentacion,wireframe,3,ninguna,"La región principal conserva un encabezado, un mensaje y dos botones dentro de un mismo bloque, separados de las cajas laterales y de la fila inferior. Espero nivel 3 por sus pocas unidades y segmentación, sin interpretar las tarjetas externas como carga dentro de esa región."
U63,https://www.homecenter.com.co/homecenter-co/cart,G4,Saliencia visual,screenshot,3,ninguna,"En el panel Carro de compras vacío, Inicia sesión tiene relleno azul y se distingue de Ir al home con fondo blanco, en coherencia con la invitación a recuperar productos guardados. El énfasis depende principalmente del relleno y no se observa contenido de esa decisión camuflado como publicidad o cromo."
U63,https://www.homecenter.com.co/homecenter-co/cart,G5,Posicion y progreso,wireframe,1,G_nombra,"El indicador muestra tres posiciones, pero la caja superpuesta oculta parte del paso intermedio y los nombres no son legibles en el wireframe. Elijo nivel 1 porque hay una señal de avance que no permite ubicar con claridad el paso, sin asumir nombres o estado actual ausentes; recomiendo conservar etiquetas y una marca estructural del paso activo."
U63,https://www.homecenter.com.co/homecenter-co/cart,G6,Economia y convencion,wireframe,3,ninguna,"La estructura sitúa la marca a la izquierda, un buscador arriba en el centro y accesos en el extremo derecho, manteniendo el patrón web convencional. Espero nivel 3 por las posiciones observables y la ausencia de operaciones manuales visibles, sin verificar destinos ni el contenido oculto de los controles."
U63,https://www.homecenter.com.co/homecenter-co/cart,G7,Targeting motor,wireframe,0,holgura,"Con geometría de nodes.json, el control 208 junto al buscador mide 23,05 × 26 px y está pegado al campo 207, cuyo borde intersecta su círculo de 24 px. La falta de holgura se demuestra entre dos objetivos distintos; recomiendo ampliar el control y separarlo del área del campo."
